10.02,nan,nan,-nan,0,0,-0,-0.320559,-1.55016,133.918,-0.000629755,0.000766589,7.71894e-05,5.42358e-05,0.000324949,8.00484e-07,0.630251
10.04,nan,nan,-nan,0,0,-0,-0.320374,-1.55123,133.918,0.00029401,-2.15105e-05,-0.000866864,-0.000326629,3.58822e-05,5.08435e-07,0.630362
10.06,nan,nan,-nan,0,0,-0,-0.32054,-1.5493,133.918,-1.47923e-05,0.00130418,0.000451212,0.000115229,-0.00047253,5.46906e-07,0.630368
10.08,nan,nan,-nan,0,0,-0,-0.32105,-1.55039,133.917,0.000265387,-0.000533023,-0.000254218,0.000115229,-0.00047253,5.46906e-07,0.630368
10.1,nan,nan,-nan,0,0,-0,-0.321886,-1.54965,133.917,-0.000670675,0.000156902,-3.31982e-05,0.000322908,-0.000167824,-6.77731e-05,0.630328
10.12,nan,nan,-nan,0,0,-0,-0.32208,-1.54971,133.917,-0.000497692,3.67363e-05,0.000164525,0.000322908,-0.000167824,-6.77731e-05,0.630328
10.14,nan,nan,-nan,0,0,-0,-0.321722,-1.54966,133.917,-0.000227755,0.000799874,0.000153646,2.73537e-05,-0.000186036,5.86419e-07,0.630324
10.16,nan,nan,-nan,0,0,-0,-0.322279,-1.54793,133.916,-0.000263939,0.000485795,1.57007e-05,-5.61794e-05,0.000131062,-6.2439e-05,0.630382
10.18,nan,nan,-nan,0,0,-0,-0.322056,-1.54845,133.916,0.000712582,-0.000200701,5.10351e-05,-5.61794e-05,0.000131062,-6.2439e-05,0.630382
10.2,nan,nan,-nan,0,0,-0,-0.322298,-1.54786,133.915,-0.000651494,0.000134707,-0.000400366,0.000159516,-9.19129e-05,7.88059e-07,0.630414
10.22,nan,nan,-nan,0,0,-0,-0.323075,-1.54847,133.916,-0.0010635,-0.000588287,0.00079303,0.000159516,-9.19129e-05,7.88059e-07,0.630414
10.24,nan,nan,-nan,0,0,-0,-0.323221,-1.54794,133.915,0.000429465,-0.00025793,0.000563209,-0.000142021,5.97831e-05,4.95438e-05,0.630402
10.26,nan,nan,-nan,0,0,-0,-0.323269,-1.54832,133.916,-0.00029682,-0.000575684,0.000354405,8.46785e-05,0.000249573,4.10837e-05,0.630373
10.28,nan,nan,-nan,0,0,-0,-0.32413,-1.54837,133.915,-4.61366e-05,0.000521579,0.00015676,8.46785e-05,0.000249573,4.10837e-05,0.630373
10.3,nan,nan,-nan,0,0,-0,-0.324474,-1.54704,133.915,-0.000474456,0.00103017,0.000180512,-6.49261e-05,-4.73892e-05,1.44387e-05,0.630372
10.32,nan,nan,-nan,0,0,-0,-0.325965,-1.54833,133.915,-0.000363403,0.000102642,-0.000330465,-0.000311636,0.00013694,4.49546e-07,0.630534
10.34,nan,nan,-nan,0,0,-0,-0.325804,-1.54762,133.914,9.59711e-05,0.000101696,-0.000272372,-0.000311636,0.00013694,4.49546e-07,0.630534
10.36,nan,nan,-nan,0,0,-0,-0.325884,-1.54887,133.914,4.49797e-05,-0.000623575,0.000111275,7.13245e-05,0.000149485,7.54781e-05,0.630518
10.38,nan,nan,-nan,0,0,-0,-0.326273,-1.54801,133.914,-0.000193898,0.000616388,0.000191829,7.13245e-05,0.000149485,7.54781e-05,0.630518
10.4,nan,nan,-nan,0,0,-0,-0.327361,-1.54825,133.914,-0.000965212,-0.00037891,-4.55144e-05,0.00010361,0.000234556,2.74436e-07,0.630576
10.42,nan,nan,-nan,0,0,-0,-0.327709,-1.54789,133.914,2.97201e-05,0.000445213,-0.000380247,3.22968e-05,0.000274024,3.40665e-07,0.630587
10.44,nan,nan,-nan,0,0,-0,-0.327777,-1.54693,133.914,0.000150688,0.000507826,0.000425249,3.22968e-05,0.000274024,3.40665e-07,0.630587
10.46,nan,nan,-nan,0,0,-0,-0.328008,-1.54774,133.914,-0.000237991,-0.000366577,-0.000240597,0.000149757,0.000205832,3.07289e-07,0.630491
10.48,nan,nan,-nan,0,0,-0,-0.32791,-1.54696,133.914,0.000367324,0.000398309,0.000204474,0.000149757,0.000205832,3.07289e-07,0.630491
10.5,nan,nan,-nan,0,0,-0,-0.327783,-1.5474,133.914,-9.74606e-06,-0.000209914,0.000251949,2.58394e-05,-0.00010688,3.53443e-07,0.630411
10.52,nan,nan,-nan,0,0,-0,-0.327508,-1.54707,133.914,4.14621e-05,-0.00021422,0.000935466,8.97803e-05,2.16766e-05,6.37089e-05,0.630438
10.54,nan,nan,-nan,0,0,-0,-0.32673,-1.54695,133.914,0.00139162,0.000270757,0.000186032,8.97803e-05,2.16766e-05,6.37089e-05,0.630438
10.56,nan,nan,-nan,0,0,-0,-0.326366,-1.54755,133.914,0.000114594,-0.000216592,-3.95861e-05,0.000272597,8.22879e-05,-2.42825e-05,0.630341
10.58,nan,nan,-nan,0,0,-0,-0.325863,-1.54628,133.914,0.000169388,0.000656238,9.10501e-05,0.000272597,8.22879e-05,-2.42825e-05,0.630341
10.6,nan,nan,-nan,0,0,-0,-0.326457,-1.54697,133.914,9.68518e-05,-0.000123662,-0.000284662,5.39268e-05,-3.95984e-05,5.76236e-05,0.630269
10.62,nan,nan,-nan,0,0,-0,-0.326375,-1.54625,133.913,9.90303e-05,0.000364712,1.71335e-05,-0.000238656,-9.63341e-05,1.67008e-07,0.630372
10.64,nan,nan,-nan,0,0,-0,-0.325964,-1.54635,133.914,0.000924366,0.000256294,-0.000629352,-0.000238656,-9.63341e-05,1.67008e-07,0.630372
10.66,nan,nan,-nan,0,0,-0,-0.325547,-1.54628,133.913,0.000117284,-0.000144193,0.000300164,0.000352204,0.000134975,-0.000129024,0.6303
10.68,nan,nan,-nan,0,0,-0,-0.325465,-1.54566,133.913,3.39972e-05,0.000121631,0.000253487,0.000352204,0.000134975,-0.000129024,0.6303
10.7,nan,nan,-nan,0,0,-0,-0.325923,-1.5458,133.913,-0.00046329,0.000408648,-6.19953e-05,7.16876e-05,0.000297124,3.28373e-05,0.630268
10.72,nan,nan,-nan,0,0,-0,-0.326204,-1.54509,133.913,-0.000817948,-0.000198593,0.000358658,0.000369756,-0.000474929,4.81734e-07,0.630331
10.74,nan,nan,-nan,0,0,-0,-0.327019,-1.54542,133.913,0.000170473,0.000177347,0.000383287,0.000369756,-0.000474929,4.81734e-07,0.630331
10.76,nan,nan,-nan,0,0,-0,-0.326834,-1.54438,133.913,0.000307236,-7.79003e-05,-0.000878786,1.78143e-05,0.000452181,-0.000176539,0.630429
10.78,nan,nan,-nan,0,0,-0,-0.326933,-1.5446,133.913,0.000324443,0.000162058,0.000128327,1.78143e-05,0.000452181,-0.000176539,0.630429
10.8,nan,nan,-nan,0,0,-0,-0.32673,-1.54378,133.912,0.00051451,0.000442613,-3.97004e-05,7.01936e-05,0.00014212,-4.76443e-05,0.63052
10.82,nan,nan,-nan,0,0,-0,-0.326429,-1.54288,133.912,0.000845116,0.00063829,-0.000214968,0.000157464,0.000247018,3.92992e-07,0.630521
10.84,nan,nan,-nan,0,0,-0,-0.327051,-1.54334,133.913,-0.000483906,0.000169555,0.000596054,0.000157464,0.000247018,3.92992e-07,0.630521
10.86,nan,nan,-nan,0,0,-0,-0.326822,-1.54247,133.913,0.00115434,6.80038e-05,0.00069213,-0.000413137,0.000193363,-1.58088e-05,0.630483
10.88,nan,nan,-nan,0,0,-0,-0.3276,-1.54353,133.913,-0.000281967,-0.00018143,-3.59078e-05,-0.000413137,0.000193363,-1.58088e-05,0.630483
10.9,nan,nan,-nan,0,0,-0,-0.328601,-1.54216,133.913,-0.00099328,0.000525592,0.000376735,0.000264334,-0.000130401,-7.13916e-05,0.630449
10.92,nan,nan,-nan,0,0,-0,-0.32877,-1.54325,133.914,0.000432236,-0.000193043,0.000383188,9.02656e-06,-0.000463959,3.71911e-07,0.630464
10.94,nan,nan,-nan,0,0,-0,-0.328459,-1.54231,133.914,0.000391589,0.00107639,0.000122476,9.02656e-06,-0.000463959,3.71911e-07,0.630464
10.96,nan,nan,-nan,0,0,-0,-0.329532,-1.54292,133.913,-0.000455817,-0.000601283,-0.000123049,-0.000214897,-6.66022e-05,3.9511e-07,0.630479
10.98,nan,nan,-nan,0,0,-0,-0.329892,-1.54207,133.913,-0.000189836,0.00120628,-0.00027688,-0.000149755,0.000188264,-2.60166e-05,0.630658
11,nan,nan,-nan,0,0,-0,-0.329717,-1.54067,133.913,-0.000151009,1.82294e-05,0.000772401,-0.000149755,0.000188264,-2.60166e-05,0.630658
11.02,nan,nan,-nan,0,0,-0,-0.329279,-1.54071,133.913,0.00062389,0.00111892,-0.000542281,0.000154748,-0.000109885,4.69174e-07,0.630616
11.04,nan,nan,-nan,0,0,-0,-0.329029,-1.5398,133.913,0.000191848,-0.000220106,0.000499644,0.000154748,-0.000109885,4.69174e-07,0.630616
11.06,nan,nan,-nan,0,0,-0,-0.330362,-1.53888,133.913,-0.00126672,0.00167607,6.04936e-05,0.000261497,-0.000615913,7.08237e-05,0.63071
11.08,nan,nan,-nan,0,0,-0,-0.331395,-1.53808,133.912,-0.000639043,0.000104368,-0.000299262,-0.000155311,-0.000359666,0.000259211,0.63075
11.1,nan,nan,-nan,0,0,-0,-0.331951,-1.53736,133.912,-2.44061e-05,0.000717424,-0.00045901,-0.000155311,-0.000359666,0.000259211,0.63075
11.12,nan,nan,-nan,0,0,-0,-0.331507,-1.53777,133.911,0.000329921,-0.000847597,-0.000837811,0.00010591,0.000404832,3.89115e-07,0.63075
11.14,nan,nan,-nan,0,0,-0,-0.331585,-1.53891,133.912,-0.000183636,-0.00184246,0.00133961,0.00010591,0.000404832,3.89115e-07,0.63075
11.16,nan,nan,-nan,0,0,-0,-0.331674,-1.53871,133.912,-0.000125299,0.00236485,-0.000237975,5.80846e-05,-0.00125776,4.8078e-05,0.630734
11.18,nan,nan,-nan,0,0,-0,-0.331919,-1.53833,133.911,-0.000137843,-0.000681444,-0.00037287,-1.68542e-05,-0.000177785,7.73349e-05,0.630644
11.2,nan,nan,-nan,0,0,-0,-0.332585,-1.53934,133.911,-4.26655e-05,-0.00161021,-0.000522151,-1.68542e-05,-0.000177785,7.73349e-05,0.630644
11.22,nan,nan,-nan,0,0,-0,-0.332942,-1.53799,133.911,-0.00068394,0.00150152,0.0005335,7.80047e-05,0.000373198,-0.000106089,0.630624
11.24,nan,nan,-nan,0,0,-0,-0.333004,-1.53825,133.911,0.000251301,-3.20267e-06,-0.000517925,7.80047e-05,0.000373198,-0.000106089,0.630624
11.26,nan,nan,-nan,0,0,-0,-0.33366,-1.53853,133.912,-0.000126079,-0.000500471,0.000416999,-0.000101843,0.000292356,-1.5847e-05,0.630606
11.28,nan,nan,-nan,0,0,-0,-0.333219,-1.53905,133.912,0.00055339,-0.00123347,0.000837584,0.000257819,-0.000196335,9.23349e-05,0.630697
11.3,nan,nan,-nan,0,0,-0,-0.334303,-1.54073,133.911,-0.000104041,2.396e-05,-0.000900049,0.000257819,-0.000196335,9.23349e-05,0.630697
11.32,nan,nan,-nan,0,0,-0,-0.334532,-1.53872,133.911,-0.000281172,0.00082749,0.000570185,-4.47478e-05,0.000239149,-1.81785e-08,0.630665
11.34,nan,nan,-nan,0,0,-0,-0.334894,-1.53932,133.911,0.00026407,0.000295313,-0.000658121,-4.47478e-05,0.000239149,-1.81785e-08,0.630665
11.36,nan,nan,-nan,0,0,-0,-0.334844,-1.53831,133.911,0.000199752,0.000431211,-0.000482976,-8.24588e-05,-8.35291e-05,-3.26083e-05,0.630572
11.38,nan,nan,-nan,0,0,-0,-0.334886,-1.5375,133.91,-8.79809e-05,-1.72972e-05,-0.000468926,-3.72563e-05,0.000220827,3.12982e-07,0.630566
11.4,nan,nan,-nan,0,0,-0,-0.334645,-1.53903,133.909,9.628e-05,-0.000179629,0.000576017,-3.72563e-05,0.000220827,3.12982e-07,0.630566
11.42,nan,nan,-nan,0,0,-0,-0.334862,-1.53802,133.909,0.000290104,-0.000662387,-8.89692e-06,-3.50318e-05,7.38094e-05,2.41246e-07,0.630546
11.44,nan,nan,-nan,0,0,-0,-0.335102,-1.53856,133.909,0.000313443,0.00041851,-0.000968715,-3.50318e-05,7.38094e-05,2.41246e-07,0.630546
11.46,nan,nan,-nan,0,0,-0,-0.334933,-1.53819,133.909,4.86802e-05,-0.000662414,0.000681211,1.335e-05,0.000109519,-1.31506e-05,0.630546
11.48,nan,nan,-nan,0,0,-0,-0.335628,-1.53771,133.909,0.000100429,0.00021627,0.000136222,0.000149914,-0.000238443,9.16618e-08,0.630563
11.5,nan,nan,-nan,0,0,-0,-0.33668,-1.53665,133.909,-8.95584e-05,0.000519081,-7.39186e-05,0.000149914,-0.000238443,9.16618e-08,0.630563
11.52,nan,nan,-nan,0,0,-0,-0.33668,-1.53665,133.909,-8.95584e-05,0.000519081,-7.39186e-05,0.00024273,-0.000320186,3.75549e-07,0.630505
11.54,nan,nan,-nan,0,0,-0,-0.337444,-1.53685,133.908,6.10666e-05,-0.00033402,-0.0006877,0.00024273,-0.000320186,3.75549e-07,0.630505
11.56,nan,nan,-nan,0,0,-0,-0.337836,-1.53544,133.908,-0.000738417,0.000259642,-0.000269667,0.000347185,-0.00017022,5.57181e-05,0.630432
11.58,nan,nan,-nan,0,0,-0,-0.337944,-1.53597,133.907,0.00033894,0.000752509,-0.000345624,2.65671e-06,0.000359128,4.86161e-07,0.630296
11.6,nan,nan,-nan,0,0,-0,-0.336549,-1.53589,133.907,0.00139712,-0.000434679,-8.63504e-05,2.65671e-06,0.000359128,4.86161e-07,0.630296
11.62,nan,nan,-nan,0,0,-0,-0.336549,-1.53589,133.907,0.00139712,-0.000434679,-8.63504e-05,6.29534e-05,2.26608e-05,-5.71417e-05,0.63027
11.64,nan,nan,-nan,0,0,-0,-0.335737,-1.53513,133.907,-1.04275e-05,0.000532455,0.000512303,0.000105467,-0.000263561,3.87179e-05,0.630201
11.66,nan,nan,-nan,0,0,-0,-0.336077,-1.53492,133.907,0.000469515,0.00154695,-2.67352e-05,0.000105467,-0.000263561,3.87179e-05,0.630201
11.68,nan,nan,-nan,0,0,-0,-0.33603,-1.53334,133.907,-0.000383886,-0.000613113,-4.60406e-05,-5.01084e-06,0.000186559,-5.50959e-05,0.630292
11.7,nan,nan,-nan,0,0,-0,-0.335286,-1.53358,133.908,5.00465e-05,0.00100164,-5.09552e-05,-5.01084e-06,0.000186559,-5.50959e-05,0.630292
11.72,nan,nan,-nan,0,0,-0,-0.335456,-1.53271,133.908,3.1199e-05,-0.00034029,0.000436988,0.00033564,-4.29031e-05,2.16101e-05,0.630311
11.74,nan,nan,-nan,0,0,-0,-0.335974,-1.53306,133.907,-0.000315605,-0.000439181,-0.000653611,0.000239817,0.000258186,-1.35393e-05,0.63025
11.76,nan,nan,-nan,0,0,-0,-0.336354,-1.53239,133.907,-0.000561938,0.000376642,-0.000165697,0.000239817,0.000258186,-1.35393e-05,0.63025
11.78,nan,nan,-nan,0,0,-0,-0.337828,-1.53151,133.907,-0.000897731,0.000724697,-0.000288984,0.000190809,-0.00013568,6.21161e-05,0.630203
11.8,nan,nan,-nan,0,0,-0,-0.338151,-1.53217,133.907,0.000287982,-0.000422664,0.000153628,0.000190809,-0.00013568,6.21161e-05,0.630203
11.82,nan,nan,-nan,0,0,-0,-0.338364,-1.53215,133.906,-0.000452738,-0.000942903,-0.000901567,-1.75298e-05,0.000454248,5.89265e-05,0.630231
11.84,nan,nan,-nan,0,0,-0,-0.338596,-1.53334,133.907,-0.000157302,-0.00014714,0.000406066,4.00069e-05,-0.000329346,-4.11787e-05,0.630146
11.86,nan,nan,-nan,0,0,-0,-0.339017,-1.53336,133.906,-0.000783525,-0.000665113,0.000172833,4.00069e-05,-0.000329346,-4.11787e-05,0.630146
11.88,nan,nan,-nan,0,0,-0,-0.339688,-1.53312,133.906,-0.000612584,-0.000227793,0.00034099,-0.000308817,-0.000568571,6.75328e-06,0.630081
11.9,nan,nan,-nan,0,0,-0,-0.340421,-1.53226,133.906,-0.00011941,-0.00038009,0.000478644,-0.000308817,-0.000568571,6.75328e-06,0.630081
11.92,nan,nan,-nan,0,0,-0,-0.340674,-1.53177,133.905,0.000324269,0.000961919,-0.00128094,-0.000152289,0.000253847,0.000114901,0.6303
11.94,nan,nan,-nan,0,0,-0,-0.340747,-1.53107,133.906,-0.00039814,0.00145988,0.000619326,0.000245443,-0.000307936,8.70816e-05,0.630224
11.96,nan,nan,-nan,0,0,-0,-0.341156,-1.53047,133.905,-0.000213158,0.000311356,-0.000177281,0.000245443,-0.000307936,8.70816e-05,0.630224
11.98,nan,nan,-nan,0,0,-0,-0.341615,-1.5316,133.907,-0.000194841,-0.00076447,0.000984745,-0.000256783,-0.000499708,4.78288e-05,0.630121
12,nan,nan,-nan,0,0,-0,-0.342299,-1.53251,133.907,-0.000634161,-0.000910761,0.000791921,-0.000256783,-0.000499708,4.78288e-05,0.630121
12.02,nan,nan,-nan,0,0,-0,-0.342876,-1.53346,133.908,-6.68071e-05,-0.000430325,0.000442237,-1.28666e-05,-0.000439072,5.61355e-09,0.630158
12.04,nan,nan,-nan,0,0,-0,-0.343457,-1.53026,133.907,-0.000657993,0.00246986,-0.000435613,0.000205087,-0.000691026,-0.000288166,0.630187
12.06,nan,nan,-nan,0,0,-0,-0.343081,-1.53011,133.908,0.000511055,-0.000871784,0.000522263,0.000205087,-0.000691026,-0.000288166,0.630187
12.08,nan,nan,-nan,0,0,-0,-0.343292,-1.53103,133.907,-0.000228242,0.000676438,-0.000379844,0.0002272,-8.34466e-05,3.54305e-05,0.630249
12.1,nan,nan,-nan,0,0,-0,-0.343367,-1.52906,133.907,3.99364e-05,0.000241163,0.000643816,0.0002272,-8.34466e-05,3.54305e-05,0.630249
12.12,nan,nan,-nan,0,0,-0,-0.344326,-1.52894,133.907,-0.000621113,0.00121957,-8.50805e-05,0.000127418,0.000226025,3.9094e-07,0.63023
12.14,nan,nan,-nan,0,0,-0,-0.34441,-1.52705,133.907,-0.000574437,0.000457896,0.000290224,-6.65441e-05,0.000164189,-6.61271e-05,0.630258
12.16,nan,nan,-nan,0,0,-0,-0.345834,-1.52768,133.907,-0.000562879,0.000109885,3.96492e-05,-6.65441e-05,0.000164189,-6.61271e-05,0.630258
12.18,nan,nan,-nan,0,0,-0,-0.345076,-1.52745,133.907,0.000499922,4.81955e-05,-0.00027149,-0.000365467,-0.000523695,-7.46435e-05,0.630216
12.2,nan,nan,-nan,0,0,-0,-0.346013,-1.52637,133.906,-0.000541736,-0.000954678,9.6587e-05,-0.000365467,-0.000523695,-7.46435e-05,0.630216
12.22,nan,nan,-nan,0,0,-0,-0.346226,-1.52753,133.906,0.000238727,-0.00089669,0.000276697,-7.3878e-05,0.000197202,5.59899e-07,0.630164
12.24,nan,nan,-nan,0,0,-0,-0.347298,-1.52764,133.906,-0.0011629,-0.000517672,0.000126857,0.000117066,-0.000161917,1.30995e-06,0.630205
12.26,nan,nan,-nan,0,0,-0,-0.347634,-1.52788,133.906,0.000420755,0.000428998,-0.000160493,0.000117066,-0.000161917,1.30995e-06,0.630205
12.28,nan,nan,-nan,0,0,-0,-0.348079,-1.5271,133.905,-0.000957602,0.000255172,-2.84924e-05,0.000224026,0.000178648,-4.82874e-05,0.630277
12.3,nan,nan,-nan,0,0,-0,-0.348601,-1.52749,133.905,0.000506414,-0.000664252,0.000732027,0.000224026,0.000178648,-4.82874e-05,0.630277
12.32,nan,nan,-nan,0,0,-0,-0.348332,-1.52728,133.906,0.000159058,-0.000202376,0.00065875,-0.000188357,4.02177e-05,-1.10072e-05,0.630262
12.34,nan,nan,-nan,0,0,-0,-0.348658,-1.52597,133.905,-0.000144939,0.000911807,-0.000716787,0.000126897,4.27627e-05,2.20131e-05,0.630276
12.36,nan,nan,-nan,0,0,-0,-0.348261,-1.52679,133.905,0.000497092,-6.49606e-05,0.00013358,0.000126897,4.27627e-05,2.20131e-05,0.630276
12.38,nan,nan,-nan,0,0,-0,-0.348451,-1.52599,133.905,6.732e-05,-0.000190679,5.04965e-05,0.000215172,0.000320751,-9.40202e-06,0.630218
12.4,nan,nan,-nan,0,0,-0,-0.348249,-1.52669,133.904,1.87929e-06,-0.00016096,-0.000434265,0.000215172,0.000320751,-9.40202e-06,0.630218
12.42,nan,nan,-nan,0,0,-0,-0.347919,-1.5264,133.903,0.000373025,-0.00103597,-0.00033217,0.000120866,-0.000338716,6.41953e-07,0.630251
12.44,nan,nan,-nan,0,0,-0,-0.348522,-1.52724,133.904,-6.25703e-05,0.000657769,0.000763467,7.23481e-05,-0.000448134,0.000201871,0.630221
12.46,nan,nan,-nan,0,0,-0,-0.348065,-1.52595,133.903,-6.95126e-05,0.000494731,8.05887e-05,7.23481e-05,-0.000448134,0.000201871,0.630221
12.48,nan,nan,-nan,0,0,-0,-0.348252,-1.5259,133.904,-6.44461e-05,-0.000672386,0.000508804,-3.04639e-05,0.000150747,0.000107021,0.630351
12.5,nan,nan,-nan,0,0,-0,-0.348525,-1.52677,133.905,0.000200334,-0.000702879,0.00042326,-3.04639e-05,0.000150747,0.000107021,0.630351
12.52,nan,nan,-nan,0,0,-0,-0.348127,-1.52666,133.905,0.000140551,0.000509083,0.00105309,-0.000195026,0.000237101,5.67007e-07,0.63034
12.54,nan,nan,-nan,0,0,-0,-0.34883,-1.52725,133.906,-5.3941e-07,9.26775e-05,0.000517637,-9.55028e-05,4.52511e-05,6.57611e-05,0.630353
12.56,nan,nan,-nan,0,0,-0,-0.348756,-1.52658,133.906,-0.000354626,0.000193474,-7.56553e-05,-9.55028e-05,4.52511e-05,6.57611e-05,0.630353
12.58,nan,nan,-nan,0,0,-0,-0.348622,-1.52797,133.906,0.00020323,-0.00177308,-0.000442086,-0.000187299,0.000377177,5.63292e-07,0.630382
12.6,nan,nan,-nan,0,0,-0,-0.348657,-1.52825,133.906,-0.000273217,-0.000819208,0.000407935,-0.000139394,-1.47162e-05,1.29699e-05,0.630396
12.62,nan,nan,-nan,0,0,-0,-0.347644,-1.52728,133.905,0.000881763,0.00102843,-0.000425442,-0.000139394,-1.47162e-05,1.29699e-05,0.630396
12.64,nan,nan,-nan,0,0,-0,-0.347681,-1.52827,133.906,-0.000146548,-0.000909961,0.000623646,0.000290953,0.000380836,4.3723e-07,0.630564
12.66,nan,nan,-nan,0,0,-0,-0.347477,-1.52724,133.905,0.000120967,-0.000355835,-0.000858923,0.000290953,0.000380836,4.3723e-07,0.630564
12.68,nan,nan,-nan,0,0,-0,-0.347771,-1.52774,133.905,-0.000377071,0.000483186,0.000234429,-5.4702e-06,-0.000191925,-2.91554e-05,0.630564
12.7,nan,nan,-nan,0,0,-0,-0.348153,-1.52537,133.904,-0.00124091,0.00149452,-0.000870024,3.23346e-05,-9.35797e-05,7.03173e-07,0.630527
12.72,nan,nan,-nan,0,0,-0,-0.348841,-1.52579,133.903,5.36061e-05,-0.000762023,-0.0003259,3.23346e-05,-9.35797e-05,7.03173e-07,0.630527
12.74,nan,nan,-nan,0,0,-0,-0.348694,-1.52629,133.902,-0.000165348,-7.62666e-07,-0.000653192,0.000176263,-0.000513856,-3.48105e-05,0.630437
12.76,nan,nan,-nan,0,0,-0,-0.349155,-1.52537,133.902,-0.00036438,0.000509108,-0.000422536,0.000176263,-0.000513856,-3.48105e-05,0.630437
12.78,nan,nan,-nan,0,0,-0,-0.349275,-1.52439,133.903,0.000855231,0.00111328,0.000482266,-0.000286864,-0.000129386,1.9241e-07,0.630252
12.8,nan,nan,-nan,0,0,-0,-0.348439,-1.52365,133.903,0.000156373,-0.00107119,0.000641789,9.2878e-05,0.000263676,3.49164e-07,0.630184
12.82,nan,nan,-nan,0,0,-0,-0.349037,-1.52438,133.903,-0.000387469,0.000889675,-0.00065554,9.2878e-05,0.000263676,3.49164e-07,0.630184
12.84,nan,nan,-nan,0,0,-0,-0.349553,-1.52373,133.903,3.58282e-05,-0.000368698,0.00027993,-0.000256613,0.000279234,-6.59909e-05,0.630156
12.86,nan,nan,-nan,0,0,-0,-0.350287,-1.52397,133.904,0.000190414,0.000263195,0.000308324,-0.000256613,0.000279234,-6.59909e-05,0.630156
12.88,nan,nan,-nan,0,0,-0,-0.350029,-1.52317,133.903,0.000351188,0.000390381,6.86622e-05,-0.000108667,-4.87543e-05,-6.12405e-05,0.630107
12.9,nan,nan,-nan,0,0,-0,-0.34993,-1.52263,133.903,-0.000267537,-0.000596672,-0.000614423,0.000351327,0.000292329,4.83629e-07,0.630178
12.92,nan,nan,-nan,0,0,-0,-0.350708,-1.52278,133.903,-0.000274537,0.000687983,-1.19419e-06,0.000351327,0.000292329,4.83629e-07,0.630178
12.94,nan,nan,-nan,0,0,-0,-0.350582,-1.52124,133.902,-0.000241567,-1.74419e-06,-0.000205904,8.44413e-05,0.000234673,-0.000111418,0.63019
12.96,nan,nan,-nan,0,0,-0,-0.350981,-1.52084,133.901,2.77822e-05,0.000883378,-0.000837658,8.44413e-05,0.000234673,-0.000111418,0.63019
12.98,nan,nan,-nan,0,0,-0,-0.350352,-1.52163,133.901,0.000376979,-0.00193328,-0.000390603,-5.71805e-07,0.000682997,5.30801e-07,0.630253
13,nan,nan,-nan,0,0,-0,-0.35059,-1.52196,133.901,-0.000109964,0.000170699,0.000199715,0.000189316,0.000325531,4.00965e-07,0.63028
13.02,nan,nan,-nan,0,0,-0,-0.35084,-1.52298,133.902,-0.000207989,0.000417794,0.000365402,0.000189316,0.000325531,4.00965e-07,0.63028
13.04,nan,nan,-nan,0,0,-0,-0.350937,-1.52145,133.901,-0.000107831,0.000664383,-0.000413822,1.54488e-06,-8.43753e-05,6.7761e-07,0.630289
13.06,nan,nan,-nan,0,0,-0,-0.351707,-1.52233,133.902,-0.000574131,-0.000600708,0.0010142,1.54488e-06,-8.43753e-05,6.7761e-07,0.630289
13.08,nan,nan,-nan,0,0,-0,-0.351629,-1.52145,133.901,6.94294e-05,5.09186e-05,-8.96687e-05,-0.000143244,0.000295708,0.000155562,0.630211
13.1,nan,nan,-nan,0,0,-0,-0.352142,-1.52272,133.902,3.89237e-05,-0.000487648,1.9727e-05,-0.000139063,0.000157594,7.21793e-07,0.630159
13.12,nan,nan,-nan,0,0,-0,-0.351979,-1.52275,133.901,-0.000475729,-9.39372e-05,3.2112e-06,-0.000139063,0.000157594,7.21793e-07,0.630159
13.14,nan,nan,-nan,0,0,-0,-0.352685,-1.52196,133.901,5.26473e-05,0.000849346,0.000127403,-0.000219105,-0.000313206,0.000202358,0.630238
13.16,nan,nan,-nan,0,0,-0,-0.353701,-1.52274,133.901,-0.000843168,-0.000337511,-0.000192613,-0.000135722,-0.000228449,0.000224412,0.630236
13.18,nan,nan,-nan,0,0,-0,-0.354091,-1.52082,133.901,8.72358e-07,0.000681614,0.000181942,-0.000135722,-0.000228449,0.000224412,0.630236
13.2,nan,nan,-nan,0,0,-0,-0.354645,-1.52189,133.901,-6.76729e-05,-0.000391263,-0.000251532,-1.57746e-05,-0.000138535,9.19988e-07,0.630292
13.22,nan,nan,-nan,0,0,-0,-0.355133,-1.5215,133.9,-0.000589075,-0.000598653,2.31145e-05,-1.57746e-05,-0.000138535,9.19988e-07,0.630292
13.24,nan,nan,-nan,0,0,-0,-0.356166,-1.52195,133.9,-0.000502006,-0.000480612,0.000197516,-4.58529e-05,-2.43201e-05,7.12523e-07,0.630329
13.26,nan,nan,-nan,0,0,-0,-0.355498,-1.5214,133.9,0.00087437,0.000573456,0.000392447,0.000114159,0.000336884,0.000218003,0.63035
13.28,nan,nan,-nan,0,0,-0,-0.355318,-1.52194,133.9,0.000188074,-0.000885565,-0.000421421,0.000114159,0.000336884,0.000218003,0.63035
13.3,nan,nan,-nan,0,0,-0,-0.356045,-1.52232,133.901,-0.000546313,0.000143608,0.00141926,-0.000300546,-0.000409855,4.63325e-07,0.630227
13.32,nan,nan,-nan,0,0,-0,-0.356389,-1.5208,133.901,-0.000317081,0.000727907,-0.000313275,-0.000300546,-0.000409855,4.63325e-07,0.630227
13.34,nan,nan,-nan,0,0,-0,-0.356517,-1.52046,133.9,0.000521202,0.000181339,-0.000337812,-0.000365591,0.000134773,-0.000203453,0.630266
13.36,nan,nan,-nan,0,0,-0,-0.356726,-1.51955,133.9,-0.000542529,-0.000346493,0.000750396,-0.000177428,-2.39994e-06,5.21366e-07,0.630223
13.38,nan,nan,-nan,0,0,-0,-0.357536,-1.51906,133.901,-0.000425604,0.000299833,0.000538513,-0.000177428,-2.39994e-06,5.21366e-07,0.630223
13.4,nan,nan,-nan,0,0,-0,-0.358212,-1.51959,133.901,-0.000531563,-0.000188984,-0.000519607,-0.000195639,0.000300462,7.28001e-05,0.63021
13.42,nan,nan,-nan,0,0,-0,-0.357992,-1.51952,133.901,-0.000214546,0.000335499,-0.000116769,-0.000195639,0.000300462,7.28001e-05,0.63021
13.44,nan,nan,-nan,0,0,-0,-0.358926,-1.51882,133.9,-0.000329363,-0.000758677,-0.00103797,0.000252082,-0.000131752,5.69862e-07,0.63009
13.46,nan,nan,-nan,0,0,-0,-0.35865,-1.52019,133.9,9.18526e-05,7.58389e-05,0.000103736,-0.000388622,6.90405e-05,1.23229e-05,0.630118
13.48,nan,nan,-nan,0,0,-0,-0.358383,-1.51839,133.9,-0.000158358,0.000707546,0.000187043,-0.000388622,6.90405e-05,1.23229e-05,0.630118
13.5,nan,nan,-nan,0,0,-0,-0.35869,-1.51862,133.899,-0.000126568,0.000398246,-0.000534359,0.000111843,0.000228049,6.30957e-07,0.630115
13.52,nan,nan,-nan,0,0,-0,-0.358973,-1.5183,133.899,-0.00036435,0.000995098,-0.000214599,3.8978e-05,-0.00021082,5.07308e-07,0.63019
13.54,nan,nan,-nan,0,0,-0,-0.359159,-1.51782,133.898,-0.000121515,-2.61425e-06,-0.000333341,3.8978e-05,-0.00021082,5.07308e-07,0.63019
13.56,nan,nan,-nan,0,0,-0,-0.35933,-1.51812,133.898,-0.000503724,-0.000159728,-4.25475e-05,-5.73145e-05,-3.64784e-05,4.86229e-07,0.630168
13.58,nan,nan,-nan,0,0,-0,-0.360482,-1.51748,133.898,-0.000325314,-8.40441e-05,-0.000177448,-5.73145e-05,-3.64784e-05,4.86229e-07,0.630168
13.6,nan,nan,-nan,0,0,-0,-0.361432,-1.5198,133.898,-0.000858972,-0.000839759,0.000402202,-5.14939e-05,0.000480896,-0.000101207,0.630141
13.62,nan,nan,-nan,0,0,-0,-0.361642,-1.51909,133.898,-0.000196118,0.000380057,0.000612197,2.83935e-06,-0.000270548,4.51741e-07,0.630014
13.64,nan,nan,-nan,0,0,-0,-0.361577,-1.51976,133.897,0.000282479,4.61499e-05,-0.000780535,2.83935e-06,-0.000270548,4.51741e-07,0.630014
13.66,nan,nan,-nan,0,0,-0,-0.361781,-1.51983,133.897,-0.000322062,-0.000692587,-2.97681e-05,0.000112711,-3.13289e-05,-0.000158069,0.630031
13.68,nan,nan,-nan,0,0,-0,-0.361378,-1.51917,133.897,0.000406872,0.000362112,-0.000270663,0.000112711,-3.13289e-05,-0.000158069,0.630031
13.7,nan,nan,-nan,0,0,-0,-0.361126,-1.51982,133.896,-8.2446e-05,-0.000274826,-0.000236878,0.000254358,-8.02012e-05,8.16512e-07,0.630105
13.72,nan,nan,-nan,0,0,-0,-0.361118,-1.51761,133.897,-0.00011109,0.00134954,0.000542342,3.70414e-05,-0.000240701,6.06091e-07,0.630112
13.74,nan,nan,-nan,0,0,-0,-0.361911,-1.51898,133.897,-0.000497097,-0.0014138,-3.69085e-05,3.70414e-05,-0.000240701,6.06091e-07,0.630112
13.76,nan,nan,-nan,0,0,-0,-0.361978,-1.51912,133.896,4.75529e-05,-0.000835508,-7.87934e-05,-2.38708e-05,-0.000139081,9.55192e-07,0.630138
13.78,nan,nan,-nan,0,0,-0,-0.361875,-1.51929,133.897,0.000248013,-0.000298179,0.000336957,-2.38708e-05,-0.000139081,9.55192e-07,0.630138
13.8,nan,nan,-nan,0,0,-0,-0.362507,-1.51877,133.896,-0.00069522,0.000190732,-0.000553548,0.000198628,1.33926e-05,-1.28961e-05,0.630118
13.82,nan,nan,-nan,0,0,-0,-0.362294,-1.51828,133.895,0.000467435,-0.000122483,-0.000631331,-0.000339716,-3.79446e-05,1.04208e-06,0.630199
13.84,nan,nan,-nan,0,0,-0,-0.3621,-1.51849,133.895,0.000602601,0.000429905,-0.00013127,-0.000339716,-3.79446e-05,1.04208e-06,0.630199
13.86,nan,nan,-nan,0,0,-0,-0.361698,-1.51775,133.894,0.00030409,7.51831e-05,-0.000699111,4.83891e-05,0.00027187,1.02425e-06,0.630137
13.88,nan,nan,-nan,0,0,-0,-0.362051,-1.51791,133.893,-0.000191506,0.000663715,-0.000789165,-0.000102202,0.000387112,8.55949e-07,0.630262
13.9,nan,nan,-nan,0,0,-0,-0.361334,-1.5176,133.893,0.000534123,-0.000333698,-0.00061215,-0.000102202,0.000387112,8.55949e-07,0.630262
13.92,nan,nan,-nan,0,0,-0,-0.361438,-1.51828,133.893,-0.000164001,0.000277056,-0.000262044,0.000143729,-2.16247e-05,-2.6315e-05,0.630103
13.94,nan,nan,-nan,0,0,-0,-0.360919,-1.51713,133.892,0.000268239,0.000333379,0.000194085,0.000143729,-2.16247e-05,-2.6315e-05,0.630103
13.96,nan,nan,-nan,0,0,-0,-0.361179,-1.51688,133.893,-0.000340487,-0.000163417,0.000198629,0.000186189,0.000137309,7.21517e-07,0.63009
13.98,nan,nan,-nan,0,0,-0,-0.361214,-1.51641,133.892,0.000347021,0.00090116,-0.000344781,4.9723e-05,-2.31564e-05,8.64859e-07,0.630076
14,nan,nan,-nan,0,0,-0,-0.361384,-1.51393,133.892,-4.04782e-05,0.00166884,-0.000285618,4.9723e-05,-2.31564e-05,8.64859e-07,0.630076
14.02,nan,nan,-nan,0,0,-0,-0.36156,-1.51453,133.893,0.000125225,0.000932814,0.00100765,-2.38575e-05,-4.70612e-05,0.000153123,0.630142
14.04,nan,nan,-nan,0,0,-0,-0.360793,-1.5137,133.892,0.0012307,0.000332864,-0.000291927,-2.38575e-05,-4.70612e-05,0.000153123,0.630142
14.06,nan,nan,-nan,0,0,-0,-0.361366,-1.51341,133.891,0.000139109,-0.000278711,-0.000453826,0.000344001,1.94862e-05,7.72074e-07,0.630166
14.08,nan,nan,-nan,0,0,-0,-0.361075,-1.51344,133.891,0.000305185,0.000389332,-0.000225824,-8.45768e-05,-2.63482e-05,5.83927e-05,0.630189
14.1,nan,nan,-nan,0,0,-0,-0.361129,-1.51344,133.891,-1.08564e-05,-0.000196856,0.000437643,-8.45768e-05,-2.63482e-05,5.83927e-05,0.630189
14.12,nan,nan,-nan,0,0,-0,-0.360703,-1.51456,133.891,0.000672258,-0.000332832,-0.000417804,-0.000205503,-8.2639e-05,7.84132e-07,0.630116
14.14,nan,nan,-nan,0,0,-0,-0.360088,-1.51379,133.89,0.000387523,-0.000352217,0.000177912,-0.000205503,-8.2639e-05,7.84132e-07,0.630116
14.16,nan,nan,-nan,0,0,-0,-0.361308,-1.51357,133.891,-0.000868221,0.000412719,-0.000197028,0.000184228,-7.76974e-05,0.000116569,0.630203
14.18,nan,nan,-nan,0,0,-0,-0.36157,-1.51269,133.891,-8.70037e-05,0.000400199,7.83366e-05,9.6219e-06,4.49044e-05,6.62096e-07,0.630129
14.2,nan,nan,-nan,0,0,-0,-0.362255,-1.51345,133.891,-7.00848e-05,-0.000492326,0.000237786,9.6219e-06,4.49044e-05,6.62096e-07,0.630129
14.22,nan,nan,-nan,0,0,-0,-0.362638,-1.5138,133.891,-0.000655261,0.000430764,0.000243771,0.000219677,-0.000341789,8.07971e-05,0.630233
14.24,nan,nan,-nan,0,0,-0,-0.362943,-1.51264,133.891,-0.00042391,0.000503312,-0.000222092,0.000219677,-0.000341789,8.07971e-05,0.630233
14.26,nan,nan,-nan,0,0,-0,-0.362754,-1.51333,133.891,0.000560889,-0.000266532,0.000148231,-0.000167889,0.000213353,4.85132e-07,0.630157
14.28,nan,nan,-nan,0,0,-0,-0.362925,-1.51262,133.892,-1.77393e-05,-0.000210404,0.000325904,0.000348577,-9.97925e-05,-5.32399e-05,0.630108
14.3,nan,nan,-nan,0,0,-0,-0.363252,-1.51377,133.891,0.000714927,0.00067145,-0.000408935,0.000348577,-9.97925e-05,-5.32399e-05,0.630108
14.32,nan,nan,-nan,0,0,-0,-0.363112,-1.51258,133.891,-0.000345189,0.000426401,0.000359479,0.000159835,-6.92479e-05,-7.48167e-05,0.630082
14.34,nan,nan,-nan,0,0,-0,-0.363675,-1.51336,133.893,-5.57875e-05,-0.000592348,0.000952521,0.000159835,-6.92479e-05,-7.48167e-05,0.630082
14.36,nan,nan,-nan,0,0,-0,-0.363544,-1.5152,133.893,3.51479e-05,-0.000468651,-0.000312267,-8.70872e-05,0.000458578,8.41844e-07,0.630088
14.38,nan,nan,-nan,0,0,-0,-0.364104,-1.51464,133.892,-0.000508201,-7.72378e-05,-0.000145471,-7.02745e-05,0.000264826,-9.64959e-05,0.630018
14.4,nan,nan,-nan,0,0,-0,-0.364629,-1.51569,133.892,-0.000158579,-0.000187796,-0.000539132,-7.02745e-05,0.000264826,-9.64959e-05,0.630018
14.42,nan,nan,-nan,0,0,-0,-0.364407,-1.51501,133.892,1.6524e-06,0.000171937,1.59349e-05,1.98067e-05,-0.000198683,7.47649e-07,0.630035
14.44,nan,nan,-nan,0,0,-0,-0.364797,-1.51624,133.891,-0.000103705,-0.000911721,-0.000229707,-2.75574e-05,-0.000244741,7.34963e-07,0.63002
14.46,nan,nan,-nan,0,0,-0,-0.364616,-1.51578,133.891,0.000240144,-0.000430459,0.000255391,-2.75574e-05,-0.000244741,7.34963e-07,0.63002
14.48,nan,nan,-nan,0,0,-0,-0.364997,-1.51662,133.89,-0.000270101,-0.00123974,-0.000568596,-0.000213306,8.26614e-05,-0.000239557,0.630109
14.5,nan,nan,-nan,0,0,-0,-0.36493,-1.51712,133.891,0.000170339,-0.000627645,3.28911e-05,-0.000213306,8.26614e-05,-0.000239557,0.630109
14.52,nan,nan,-nan,0,0,-0,-0.365069,-1.51582,133.891,-0.000151509,0.000278144,0.000100994,-4.1146e-05,-7.90833e-05,-2.3763e-05,0.63008
14.54,nan,nan,-nan,0,0,-0,-0.365485,-1.51647,133.891,-9.86042e-05,-4.61135e-05,0.00041324,-0.000135889,-0.000191309,6.22077e-07,0.630107
14.56,nan,nan,-nan,0,0,-0,-0.365072,-1.51479,133.891,-0.000254516,0.000262307,0.00070655,-0.000135889,-0.000191309,6.22077e-07,0.630107
14.58,nan,nan,-nan,0,0,-0,-0.365503,-1.51605,133.891,-0.000180425,-0.000668138,-0.000220334,2.44918e-05,-0.000237277,-3.02657e-05,0.630093
14.6,nan,nan,-nan,0,0,-0,-0.365755,-1.5156,133.891,8.13978e-05,-0.000548594,6.77404e-05,2.44918e-05,-0.000237277,-3.02657e-05,0.630093
14.62,nan,nan,-nan,0,0,-0,-0.366451,-1.51603,133.891,-0.000943314,-0.00129849,0.000407344,0.000398736,0.000264805,6.41273e-07,0.630103
14.64,nan,nan,-nan,0,0,-0,-0.366356,-1.51637,133.891,-0.000322239,0.000167636,0.000485409,-8.12378e-05,-0.000396029,7.07545e-07,0.630146
14.66,nan,nan,-nan,0,0,-0,-0.366166,-1.5146,133.89,0.000561785,0.000417563,-0.000366299,-8.12378e-05,-0.000396029,7.07545e-07,0.630146
14.68,nan,nan,-nan,0,0,-0,-0.366021,-1.51597,133.89,-0.000233495,-0.000374407,0.000295241,0.000135279,0.000142605,7.67164e-05,0.630176
14.7,nan,nan,-nan,0,0,-0,-0.36547,-1.51558,133.89,0.000421716,-0.000108787,-4.51359e-05,0.000135279,0.000142605,7.67164e-05,0.630176
14.72,nan,nan,-nan,0,0,-0,-0.36658,-1.51637,133.847,-0.000862064,-0.000477513,7.58828e-05,0.000318653,0.000138944,3.39971e-05,0.630199
14.74,nan,nan,-nan,0,0,-0,-0.3676,-1.5164,133.848,-0.00106129,-9.56845e-05,0.000266389,-0.000259377,5.64286e-06,1.39579e-07,0.630278
14.76,nan,nan,-nan,0,0,-0,-0.367766,-1.51712,133.851,6.82303e-05,-0.000213498,0.000602025,-0.000259377,5.64286e-06,1.39579e-07,0.630278
14.78,nan,nan,-nan,0,0,-0,-0.368355,-1.51699,133.852,-0.000240717,0.000607848,0.000110024,-8.92619e-05,-0.000252411,4.14691e-06,0.630332
14.8,nan,nan,-nan,0,0,-0,-0.368535,-1.51594,133.854,-0.000211132,-0.000218937,-0.000283574,-8.92619e-05,-0.000252411,4.14691e-06,0.630332
14.82,nan,nan,-nan,0,0,-0,-0.369609,-1.51645,133.855,-0.000459882,-0.000237251,3.24931e-05,1.28098e-06,9.65264e-05,7.30808e-07,0.630328
14.84,nan,nan,-nan,0,0,-0,-0.368756,-1.51585,133.857,0.000364862,-5.92815e-05,0.000354637,3.17833e-05,-0.000145523,-3.17421e-05,0.630306
14.86,nan,nan,-nan,0,0,-0,-0.369261,-1.51538,133.855,-0.00062016,0.000282495,-0.000153703,3.17833e-05,-0.000145523,-3.17421e-05,0.630306
14.88,nan,nan,-nan,0,0,-0,-0.368888,-1.5151,133.854,0.000306174,0.000435134,0.000246437,-0.000357282,3.90272e-05,-2.32676e-05,0.630302
14.9,nan,nan,-nan,0,0,-0,-0.368888,-1.5151,133.854,0.000306174,0.000435134,0.000246437,-0.000357282,3.90272e-05,-2.32676e-05,0.630302
14.92,nan,nan,-nan,0,0,-0,-0.368766,-1.51518,133.852,0.000506431,0.000151496,-0.000614231,-0.000126473,0.000351848,6.79233e-05,0.630366
14.94,nan,nan,-nan,0,0,-0,-0.368447,-1.5162,133.849,-0.000319965,-0.000784788,0.000484303,0.000159547,0.000259373,7.0386e-07,0.630314
14.96,nan,nan,-nan,0,0,-0,-0.369078,-1.51584,133.848,-0.000834724,-0.000356329,-0.000634959,0.000159547,0.000259373,7.0386e-07,0.630314
14.98,nan,nan,-nan,0,0,-0,-0.369872,-1.51588,133.846,-0.000598701,0.000379422,-0.000752609,-0.0001472,-0.000330355,-3.41028e-05,0.6304
15,nan,nan,-nan,0,0,-0,-0.370857,-1.51495,133.845,-0.00132757,0.00070408,-0.000401545,0.000417819,7.91203e-05,-8.7144e-05,0.630428
15.02,nan,nan,-nan,0,0,-0,-0.370256,-1.51454,133.844,0.000588088,0.000520153,-0.000251872,0.000417819,7.91203e-05,-8.7144e-05,0.630428
15.04,nan,nan,-nan,0,0,-0,-0.370673,-1.51475,133.843,-0.000371942,-0.000410531,-0.000142977,0.000266569,0.000197382,7.37075e-07,0.630429
15.06,nan,nan,-nan,0,0,-0,-0.370981,-1.51362,133.842,-0.000311534,0.00103344,-0.000198147,0.000266569,0.000197382,7.37075e-07,0.630429
15.08,nan,nan,-nan,0,0,-0,-0.371672,-1.51459,133.842,-0.00104121,-0.00024466,-0.000713513,-0.000299505,0.000216447,6.83208e-07,0.630422
15.1,nan,nan,-nan,0,0,-0,-0.371903,-1.51353,133.842,-0.000910738,-7.92601e-05,4.02778e-05,1.28377e-05,-0.00013886,-9.43135e-05,0.630409
15.12,nan,nan,-nan,0,0,-0,-0.372346,-1.51406,133.842,-0.00015832,0.00045525,-0.000328018,1.28377e-05,-0.00013886,-9.43135e-05,0.630409
15.14,nan,nan,-nan,0,0,-0,-0.372498,-1.51331,133.842,-0.000115192,5.88147e-05,0.000318649,6.89328e-05,8.11849e-05,5.99863e-07,0.630372
15.16,nan,nan,-nan,0,0,-0,-0.372943,-1.51312,133.842,-0.000361488,-0.000167429,-0.000357134,6.89328e-05,8.11849e-05,5.99863e-07,0.630372
15.18,nan,nan,-nan,0,0,-0,-0.373042,-1.5133,133.843,0.000385129,0.000544798,0.000587673,0.000283179,0.000156547,-7.89613e-05,0.630316
15.2,nan,nan,-nan,0,0,-0,-0.374192,-1.51305,133.842,-0.0010216,-0.000321192,-0.000711085,0.000331758,0.000190302,8.30001e-07,0.630291
15.22,nan,nan,-nan,0,0,-0,-0.375008,-1.51362,133.842,-0.000876842,0.00016151,-0.000251484,0.000331758,0.000190302,8.30001e-07,0.630291
15.24,nan,nan,-nan,0,0,-0,-0.37492,-1.51207,133.842,-0.000147185,0.000728356,0.000159493,-0.000145387,3.51804e-05,1.22588e-06,0.630163
15.26,nan,nan,-nan,0,0,-0,-0.374935,-1.51227,133.843,0.000158711,0.000801743,0.000283782,-0.000145387,3.51804e-05,1.22588e-06,0.630163
15.28,nan,nan,-nan,0,0,-0,-0.375162,-1.51155,133.843,-0.000589945,9.89237e-05,-0.000894236,0.000190387,-0.00018711,3.38296e-05,0.630062
15.3,nan,nan,-nan,0,0,-0,-0.37618,-1.5113,133.843,-0.000458573,0.000375774,-0.000359469,-0.000179222,-0.00014397,-1.84074e-06,0.630055
15.32,nan,nan,-nan,0,0,-0,-0.376247,-1.51173,133.844,0.000358912,-0.000387808,0.000297426,-0.000179222,-0.00014397,-1.84074e-06,0.630055
15.34,nan,nan,-nan,0,0,-0,-0.375843,-1.51134,133.844,-3.15753e-05,-0.000445968,-0.000120729,0.000281296,-4.73276e-06,-0.00010218,0.630026
15.36,nan,nan,-nan,0,0,-0,-0.375836,-1.51195,133.844,0.000306961,0.000776609,0.000522834,-0.000196255,-0.000330885,2.54142e-05,0.630076
15.38,nan,nan,-nan,0,0,-0,-0.375789,-1.51121,133.843,-9.87421e-05,-0.000115497,3.18503e-05,-0.000196255,-0.000330885,2.54142e-05,0.630076
15.4,nan,nan,-nan,0,0,-0,-0.375671,-1.51156,133.844,0.000253915,-0.000168978,0.000634621,-4.98051e-05,-0.000128961,4.07544e-07,0.630063
15.42,nan,nan,-nan,0,0,-0,-0.375634,-1.51082,133.844,0.000162439,0.000266268,-0.000293679,-4.98051e-05,-0.000128961,4.07544e-07,0.630063
15.44,nan,nan,-nan,0,0,-0,-0.376163,-1.51068,133.843,-0.000319617,-0.000110353,-0.000275434,7.98516e-05,0.000252828,6.13722e-05,0.630013
15.46,nan,nan,-nan,0,0,-0,-0.376301,-1.51102,133.843,-0.00019079,-9.9349e-05,-0.000328684,-3.50315e-05,0.000160937,2.23148e-05,0.630007
15.48,nan,nan,-nan,0,0,-0,-0.376263,-1.50982,133.842,0.000187501,-0.000411809,0.000124004,-3.50315e-05,0.000160937,2.23148e-05,0.630007
15.5,nan,nan,-nan,0,0,-0,-0.376581,-1.5106,133.842,-0.000149734,-0.000169217,0.00041722,7.38945e-05,5.60553e-06,4.46206e-07,0.630035
15.52,nan,nan,-nan,0,0,-0,-0.376507,-1.50915,133.842,3.64503e-05,0.000915244,-3.71537e-05,7.38945e-05,5.60553e-06,4.46206e-07,0.630035
15.54,nan,nan,-nan,0,0,-0,-0.37701,-1.50993,133.842,-0.000293986,-0.000316071,0.000348205,0.000118813,0.000108498,-5.33274e-05,0.630006
15.56,nan,nan,-nan,0,0,-0,-0.377029,-1.50929,133.842,-0.000192491,0.000274941,-9.01506e-05,7.18055e-05,-4.19869e-05,-4.56737e-05,0.630075
15.58,nan,nan,-nan,0,0,-0,-0.377128,-1.50862,133.841,0.000183648,0.000701927,-0.000288125,7.18055e-05,-4.19869e-05,-4.56737e-05,0.630075
15.6,nan,nan,-nan,0,0,-0,-0.376957,-1.50875,133.841,0.000160215,0.000791599,0.000138335,-7.17908e-05,-0.000135477,1.86642e-06,0.630079
15.62,nan,nan,-nan,0,0,-0,-0.377237,-1.50756,133.841,-0.000202456,0.000411688,0.000484732,-7.17908e-05,-0.000135477,1.86642e-06,0.630079
15.64,nan,nan,-nan,0,0,-0,-0.377195,-1.50895,133.841,0.000566851,-0.000738191,-0.000521679,-0.000268756,2.8914e-05,3.40285e-06,0.629838
15.66,nan,nan,-nan,0,0,-0,-0.37623,-1.50789,133.839,0.000812198,0.00051406,-0.000812458,-3.49956e-05,4.15298e-06,-5.82589e-05,0.629816
15.68,nan,nan,-nan,0,0,-0,-0.376742,-1.50804,133.84,-0.000964149,0.000289293,0.000713759,-3.49956e-05,4.15298e-06,-5.82589e-05,0.629816
15.7,nan,nan,-nan,0,0,-0,-0.376054,-1.50777,133.838,0.000307091,0.000387231,-0.000744999,-6.15134e-05,-3.66101e-05,5.8978e-07,0.629864
15.72,nan,nan,-nan,0,0,-0,-0.376673,-1.50726,133.838,-0.000561628,0.000131885,0.000711997,-6.15134e-05,-3.66101e-05,5.8978e-07,0.629864
15.74,nan,nan,-nan,0,0,-0,-0.376779,-1.5084,133.838,0.00023945,-0.000611682,0.000226106,-2.743e-05,0.000344557,4.37978e-07,0.629883
15.76,nan,nan,-nan,0,0,-0,-0.376348,-1.50782,133.837,8.95642e-05,-0.000228004,9.25839e-05,0.000536355,-0.000194847,-0.000140875,0.629905
15.78,nan,nan,-nan,0,0,-0,-0.376655,-1.50788,133.836,0.000150028,0.000395286,0.000224157,0.000536355,-0.000194847,-0.000140875,0.629905
15.8,nan,nan,-nan,0,0,-0,-0.376446,-1.5073,133.835,0.000124379,5.22144e-05,0.000263496,-2.01584e-05,5.7731e-05,-5.8404e-05,0.629919
15.82,nan,nan,-nan,0,0,-0,-0.376615,-1.50804,133.835,-1.15828e-05,-0.00020597,0.000405779,-6.59309e-05,0.000295715,4.0382e-07,0.629891
15.84,nan,nan,-nan,0,0,-0,-0.375755,-1.50866,133.835,0.00100063,-0.000559704,0.000323943,-6.59309e-05,0.000295715,4.0382e-07,0.629891
15.86,nan,nan,-nan,0,0,-0,-0.376165,-1.50827,133.834,-0.000144484,-0.000180957,-0.000203982,-8.08236e-05,8.08518e-05,-9.51394e-05,0.629934
15.88,nan,nan,-nan,0,0,-0,-0.37625,-1.50873,133.833,4.24237e-05,-0.000330157,-0.000399238,-8.08236e-05,8.08518e-05,-9.51394e-05,0.629934
15.9,nan,nan,-nan,0,0,-0,-0.376299,-1.50834,133.831,1.39258e-05,-0.000851145,-9.71451e-05,-9.15982e-05,0.000193079,-7.64162e-05,0.629842
15.92,nan,nan,-nan,0,0,-0,-0.376933,-1.50928,133.832,-0.000419848,0.000124765,-0.000205391,0.000228731,-1.49579e-05,1.06438e-06,0.629701
15.94,nan,nan,-nan,0,0,-0,-0.378036,-1.50908,133.831,-0.00194476,-0.000957337,0.000363172,0.000228731,-1.49579e-05,1.06438e-06,0.629701
15.96,nan,nan,-nan,0,0,-0,-0.378714,-1.51042,133.831,-0.000260901,-0.000235504,0.000797765,0.000138444,-0.000633201,8.18717e-07,0.629672
15.98,nan,nan,-nan,0,0,-0,-0.379143,-1.50954,133.83,6.47187e-05,9.46843e-05,0.000285906,0.000138444,-0.000633201,8.18717e-07,0.629672
16,nan,nan,-nan,0,0,-0,-0.378677,-1.50844,133.829,0.000388015,0.000568026,-1.63054e-05,3.60314e-05,0.000112906,-3.49359e-05,0.629828
16.02,nan,nan,-nan,0,0,-0,-0.378384,-1.50813,133.829,0.000200222,0.00042605,9.23632e-05,0.000180509,-2.36424e-05,6.93419e-07,0.62988
16.04,nan,nan,-nan,0,0,-0,-0.379093,-1.50819,133.828,-0.000191264,-0.000754823,-6.9757e-05,0.000180509,-2.36424e-05,6.93419e-07,0.62988
16.06,nan,nan,-nan,0,0,-0,-0.379109,-1.50765,133.828,0.000118647,0.000181387,0.000643082,5.37154e-05,-0.000121925,0.000189516,0.629889
16.08,nan,nan,-nan,0,0,-0,-0.379833,-1.50941,133.828,-0.000869939,-0.0012906,0.000533086,5.37154e-05,-0.000121925,0.000189516,0.629889
16.1,nan,nan,-nan,0,0,-0,-0.379833,-1.50941,133.828,-0.000869939,-0.0012906,0.000533086,0.000253943,9.73864e-06,0.000141065,0.629938
16.12,nan,nan,-nan,0,0,-0,-0.380243,-1.50884,133.827,-0.00076141,0.000379929,0.000431101,-0.000436101,0.000199588,3.89149e-07,0.63
16.14,nan,nan,-nan,0,0,-0,-0.38015,-1.50915,133.827,0.000343824,0.000297778,-0.000299497,-0.000436101,0.000199588,3.89149e-07,0.63
16.16,nan,nan,-nan,0,0,-0,-0.380514,-1.50825,133.826,-0.000206111,-1.49835e-05,2.23867e-06,9.20824e-05,-0.000153098,6.11186e-07,0.629989
16.18,nan,nan,-nan,0,0,-0,-0.380669,-1.50811,133.826,0.000372485,0.000341928,-0.000203607,-0.000138606,-6.89223e-05,5.59427e-07,0.629923
16.2,nan,nan,-nan,0,0,-0,-0.38027,-1.50699,133.826,0.000245828,0.000721567,1.43079e-05,-0.000138606,-6.89223e-05,5.59427e-07,0.629923
16.22,nan,nan,-nan,0,0,-0,-0.380165,-1.50685,133.825,7.28177e-05,4.62052e-07,-0.000678049,-8.61115e-05,-8.22377e-05,4.73666e-05,0.629827
16.24,nan,nan,-nan,0,0,-0,-0.380381,-1.50706,133.824,-0.000122103,-0.000509219,-0.000117636,-8.61115e-05,-8.22377e-05,4.73666e-05,0.629827
16.26,nan,nan,-nan,0,0,-0,-0.380429,-1.50745,133.823,-0.000111183,-0.000111218,-5.53159e-06,-0.000236312,0.000470212,5.44837e-07,0.629787
16.28,nan,nan,-nan,0,0,-0,-0.38075,-1.50819,133.823,-1.19981e-05,-2.84488e-05,-5.30134e-05,-0.000236312,0.000470212,5.44837e-07,0.629787
16.3,nan,nan,-nan,0,0,-0,-0.380892,-1.50751,133.822,-4.06742e-05,2.73737e-05,-0.00030134,-4.73316e-05,-0.000161553,-8.98544e-05,0.629709
16.32,nan,nan,-nan,0,0,-0,-0.38062,-1.50822,133.823,0.000698653,0.000524403,3.87316e-05,-0.000201852,-0.000237016,6.94746e-05,0.629652
16.34,nan,nan,-nan,0,0,-0,-0.381413,-1.50757,133.822,-0.000254368,-1.11923e-05,-0.000300633,-0.000201852,-0.000237016,6.94746e-05,0.629652
16.36,nan,nan,-nan,0,0,-0,-0.380974,-1.50785,133.823,0.000249034,4.16421e-05,0.000890929,-0.000351196,2.30255e-05,4.58255e-07,0.629753
16.38,nan,nan,-nan,0,0,-0,-0.380476,-1.50738,133.823,0.000374055,0.000496203,0.000451868,0.000109488,0.000115065,-9.04433e-05,0.629682
16.4,nan,nan,-nan,0,0,-0,-0.381243,-1.508,133.823,-0.000340057,-0.000997749,-0.000232564,0.000109488,0.000115065,-9.04433e-05,0.629682
16.42,nan,nan,-nan,0,0,-0,-0.381561,-1.50831,133.823,-0.000353814,-0.000173743,-2.96752e-05,-1.96698e-05,-0.00054805,5.4945e-05,0.629581
16.44,nan,nan,-nan,0,0,-0,-0.381356,-1.50747,133.823,0.000309873,-3.49312e-05,0.000111325,-1.96698e-05,-0.00054805,5.4945e-05,0.629581
16.46,nan,nan,-nan,0,0,-0,-0.381813,-1.50852,133.822,1.32582e-05,-0.000247354,-0.000405244,0.000247946,4.15726e-05,-5.29942e-05,0.629465
16.48,nan,nan,-nan,0,0,-0,-0.381489,-1.50877,133.821,-5.92519e-05,-0.000493087,-0.000414332,1.1942e-05,7.97705e-05,-3.14305e-06,0.629549
16.5,nan,nan,-nan,0,0,-0,-0.381789,-1.50939,133.821,0.000200073,-0.000191144,0.000320652,1.1942e-05,7.97705e-05,-3.14305e-06,0.629549
16.52,nan,nan,-nan,0,0,-0,-0.381292,-1.5086,133.821,0.000771697,0.0012062,0.000346438,1.5841e-05,9.45901e-05,5.11371e-07,0.629569
16.54,nan,nan,-nan,0,0,-0,-0.381624,-1.50861,133.819,-1.24856e-05,-0.000487515,-0.000577873,1.5841e-05,9.45901e-05,5.11371e-07,0.629569
16.56,nan,nan,-nan,0,0,-0,-0.382327,-1.50926,133.819,6.03852e-05,-5.27284e-05,0.000211524,0.000182852,-0.000200653,7.95629e-07,0.629696
16.58,nan,nan,-nan,0,0,-0,-0.382091,-1.50846,133.819,0.000317583,0.000681835,0.000729747,4.20446e-05,-0.000519804,6.27708e-07,0.629717
16.6,nan,nan,-nan,0,0,-0,-0.382007,-1.50847,133.819,0.000277508,6.51509e-05,1.95196e-05,4.20446e-05,-0.000519804,6.27708e-07,0.629717
16.62,nan,nan,-nan,0,0,-0,-0.381932,-1.50731,133.818,-0.000100541,0.000573817,-0.000137476,1.06436e-05,5.83369e-05,-3.0728e-05,0.629702
16.64,nan,nan,-nan,0,0,-0,-0.382848,-1.50782,133.818,-0.000397,7.48201e-05,0.000492939,1.06436e-05,5.83369e-05,-3.0728e-05,0.629702
16.66,nan,nan,-nan,0,0,-0,-0.383066,-1.50779,133.817,-0.000425431,0.000395157,-0.000638341,-0.000235382,0.000136817,8.12904e-07,0.629728
16.68,nan,nan,-nan,0,0,-0,-0.38294,-1.50745,133.818,-0.000171537,-5.43642e-05,-3.48988e-05,0.000265093,0.000102977,-9.51195e-05,0.629765
16.7,nan,nan,-nan,0,0,-0,-0.382918,-1.50876,133.818,-0.000168394,-0.000707745,0.000576858,0.000265093,0.000102977,-9.51195e-05,0.629765
16.72,nan,nan,-nan,0,0,-0,-0.383363,-1.5079,133.817,-0.000497432,-0.000468984,-0.000876728,-9.88903e-06,-5.61542e-05,0.000189467,0.629793
16.74,nan,nan,-nan,0,0,-0,-0.38416,-1.50918,133.817,-0.000478138,0.000123277,-0.000377365,-9.88903e-06,-5.61542e-05,0.000189467,0.629793
16.76,nan,nan,-nan,0,0,-0,-0.383684,-1.50783,133.817,0.000682939,0.000877798,-0.000367849,-8.88238e-05,-0.000213063,1.09534e-06,0.629914
16.78,nan,nan,-nan,0,0,-0,-0.383091,-1.50759,133.818,0.000905091,-0.000159106,0.000677168,-0.000169098,0.000474823,-3.88573e-05,0.629772
16.8,nan,nan,-nan,0,0,-0,-0.383007,-1.5087,133.818,-0.000126112,-0.000470365,-0.00020966,-0.000169098,0.000474823,-3.88573e-05,0.629772
16.82,nan,nan,-nan,0,0,-0,-0.383018,-1.5077,133.818,4.94097e-05,3.982e-05,5.75578e-05,-6.21401e-05,-0.000406114,0.000194006,0.629733
16.84,nan,nan,-nan,0,0,-0,-0.382974,-1.50781,133.818,0.000329461,0.000575732,1.05959e-05,-3.59659e-05,7.12991e-05,9.36289e-05,0.629731
16.86,nan,nan,-nan,0,0,-0,-0.383152,-1.50733,133.818,-0.00019961,-0.000417094,-0.000896414,-3.59659e-05,7.12991e-05,9.36289e-05,0.629731
16.88,nan,nan,-nan,0,0,-0,-0.383804,-1.50821,133.818,-0.000528187,-3.48148e-05,-0.000532699,-5.13869e-05,-0.000439571,-5.48874e-06,0.62975
16.9,nan,nan,-nan,0,0,-0,-0.383181,-1.50796,133.818,0.000467609,-0.00028098,-0.000995214,-5.13869e-05,-0.000439571,-5.48874e-06,0.62975
16.92,nan,nan,-nan,0,0,-0,-0.382522,-1.50829,133.818,0.000665346,6.00034e-07,-0.000222098,-0.000146614,-3.87239e-05,9.08124e-05,0.629808
16.94,nan,nan,-nan,0,0,-0,-0.382226,-1.50813,133.819,-4.78383e-05,-0.000117134,-0.000480529,-0.000146614,-3.87239e-05,9.08124e-05,0.629808
16.96,nan,nan,-nan,0,0,-0,-0.38222,-1.50777,133.818,0.000253472,9.52293e-05,-0.000295309,-7.42484e-05,0.000135056,6.51022e-05,0.629809
16.98,nan,nan,-nan,0,0,-0,-0.382488,-1.5084,133.818,-0.000239728,-0.000114322,-0.000783806,-0.000147555,-0.000137327,-0.000125669,0.629781
17,nan,nan,-nan,0,0,-0,-0.382515,-1.50678,133.819,-8.72647e-05,0.00102767,0.000971935,-0.000147555,-0.000137327,-0.000125669,0.629781
17.02,nan,nan,-nan,0,0,-0,-0.382919,-1.5081,133.819,-8.65922e-05,-0.000802138,0.000202661,-0.000195679,0.000498798,0.000107005,0.629838
17.04,nan,nan,-nan,0,0,-0,-0.382541,-1.50729,133.819,-0.00056047,0.000123282,-0.000103532,0.000255289,4.62044e-05,-8.08868e-05,0.629803
17.06,nan,nan,-nan,0,0,-0,-0.382731,-1.50719,133.819,0.000471531,0.000286192,-0.000175998,0.000255289,4.62044e-05,-8.08868e-05,0.629803
17.08,nan,nan,-nan,0,0,-0,-0.383124,-1.5071,133.819,-0.000736273,0.000283186,9.17886e-05,0.00037732,-0.000104554,2.65724e-06,0.629765
17.1,nan,nan,-nan,0,0,-0,-0.382707,-1.50626,133.819,0.000553067,-8.66817e-05,-0.000366988,0.00037732,-0.000104554,2.65724e-06,0.629765
17.12,nan,nan,-nan,0,0,-0,-0.382784,-1.5073,133.819,0.000583967,-0.000468849,-0.000230581,-1.61284e-06,1.306e-05,1.05682e-06,0.629778
17.14,nan,nan,-nan,0,0,-0,-0.382257,-1.50629,133.819,-0.000488358,-0.000466285,-4.52406e-05,0.000354993,0.000219111,1.12583e-06,0.629812
17.16,nan,nan,-nan,0,0,-0,-0.381826,-1.50784,133.819,0.000897036,8.78477e-05,-0.00052466,0.000354993,0.000219111,1.12583e-06,0.629812
17.18,nan,nan,-nan,0,0,-0,-0.381248,-1.50758,133.819,0.000539827,-0.000430966,0.000549316,-1.45005e-07,4.15875e-07,-8.13735e-05,0.62993
17.2,nan,nan,-nan,0,0,-0,-0.381217,-1.50777,133.819,0.000214052,0.000489827,-0.000259998,-1.45005e-07,4.15875e-07,-8.13735e-05,0.62993
17.22,nan,nan,-nan,0,0,-0,-0.381978,-1.50727,133.819,-0.000338291,0.000649559,0.000857374,0.000233269,-3.73842e-05,-0.00010348,0.630117
17.24,nan,nan,-nan,0,0,-0,-0.383103,-1.50682,133.82,-0.000340365,0.000406827,-0.000345505,-0.000318309,-0.00019363,1.36792e-06,0.630199
17.26,nan,nan,-nan,0,0,-0,-0.382964,-1.50687,133.82,2.17009e-05,0.00071242,-0.00013703,-0.000318309,-0.00019363,1.36792e-06,0.630199
17.28,nan,nan,-nan,0,0,-0,-0.38279,-1.50578,133.82,0.000168797,-0.000373383,0.000572864,-1.45167e-05,0.000237581,-0.000100449,0.630188
17.3,nan,nan,-nan,0,0,-0,-0.383451,-1.5063,133.82,-0.00029159,0.000958609,-0.000424812,-1.45167e-05,0.000237581,-0.000100449,0.630188
17.32,nan,nan,-nan,0,0,-0,-0.383229,-1.50607,133.82,0.000135336,-0.000454124,0.000153471,-2.42811e-05,0.00048541,-0.000164688,0.630221
17.34,nan,nan,-nan,0,0,-0,-0.38452,-1.50592,133.82,-0.00105494,-0.000154152,-0.000325708,-0.000185759,-0.000204889,1.38353e-06,0.630232
17.36,nan,nan,-nan,0,0,-0,-0.384497,-1.50581,133.82,-0.000275806,-0.000599609,0.000642293,-0.000185759,-0.000204889,1.38353e-06,0.630232
17.38,nan,nan,-nan,0,0,-0,-0.385208,-1.50512,133.82,-0.000579392,-1.49042e-05,7.92928e-06,-0.000218568,-0.00026569,1.39594e-06,0.630231
17.4,nan,nan,-nan,0,0,-0,-0.385301,-1.50594,133.82,-0.000164494,0.000147807,-0.000136045,-0.000218568,-0.00026569,1.39594e-06,0.630231
17.42,nan,nan,-nan,0,0,-0,-0.384988,-1.50488,133.82,0.000435154,-0.000152161,-6.52305e-05,-0.000122987,-0.000247724,0.000144387,0.630158
17.44,nan,nan,-nan,0,0,-0,-0.384414,-1.50642,133.82,0.000484062,-0.000222371,-0.000467958,0.000358936,-0.000290624,1.54128e-06,0.630199
17.46,nan,nan,-nan,0,0,-0,-0.384574,-1.50548,133.82,-0.00056981,2.82927e-05,-6.44971e-05,0.000358936,-0.000290624,1.54128e-06,0.630199
17.48,nan,nan,-nan,0,0,-0,-0.384662,-1.50546,133.82,0.00014541,-0.000357682,8.2487e-05,-0.000290545,0.000272913,1.4107e-06,0.630351
17.5,nan,nan,-nan,0,0,-0,-0.385106,-1.50523,133.82,-0.000725638,0.00052731,0.000564154,-0.000290545,0.000272913,1.4107e-06,0.630351
17.52,nan,nan,-nan,0,0,-0,-0.385456,-1.50454,133.819,-0.000261083,-0.000520374,-0.00048246,-0.000150176,0.000172941,0.000100738,0.630291
17.54,nan,nan,-nan,0,0,-0,-0.385807,-1.50567,133.819,1.93676e-05,0.000240961,-0.00014774,-4.29926e-05,-0.000403358,-7.73421e-06,0.630422
17.56,nan,nan,-nan,0,0,-0,-0.38605,-1.50457,133.819,8.6699e-05,-0.000476812,0.000683639,-4.29926e-05,-0.000403358,-7.73421e-06,0.630422
17.58,nan,nan,-nan,0,0,-0,-0.385992,-1.50512,133.82,-0.000140178,0.000458651,0.000428978,7.11788e-05,-0.000344284,-1.73394e-05,0.630527
17.6,nan,nan,-nan,0,0,-0,-0.386321,-1.50561,133.82,-0.000473829,-0.000239893,9.75092e-05,-0.000120006,-9.11702e-05,5.63621e-05,0.630553
17.62,nan,nan,-nan,0,0,-0,-0.386491,-1.5059,133.82,-7.41886e-06,-0.000144364,-9.66734e-05,-0.000120006,-9.11702e-05,5.63621e-05,0.630553
17.64,nan,nan,-nan,0,0,-0,-0.387185,-1.50604,133.819,-0.000192456,7.80842e-05,0.000479135,-0.000445627,-3.25548e-05,0.000143065,0.63062
17.66,nan,nan,-nan,0,0,-0,-0.386711,-1.50573,133.819,1.50343e-05,-0.000973029,0.000436432,-0.000445627,-3.25548e-05,0.000143065,0.63062
17.68,nan,nan,-nan,0,0,-0,-0.386465,-1.50661,133.82,-0.000181752,-0.000189821,0.00137976,0.000158251,-0.000328089,8.70384e-07,0.630637
17.7,nan,nan,-nan,0,0,-0,-0.386411,-1.50605,133.819,0.000238651,-8.19491e-05,0.000282532,0.000128543,-0.00030745,0.000105462,0.630505
17.72,nan,nan,-nan,0,0,-0,-0.386872,-1.50611,133.819,-0.000134748,0.000478454,-0.000572715,0.000128543,-0.00030745,0.000105462,0.630505
17.74,nan,nan,-nan,0,0,-0,-0.386602,-1.50639,133.818,0.000145753,-0.000106156,-0.000112476,-1.39256e-06,8.01909e-05,2.75817e-05,0.630508
17.76,nan,nan,-nan,0,0,-0,-0.387005,-1.50658,133.817,-6.44359e-05,-8.11892e-05,-0.000223749,-1.39256e-06,8.01909e-05,2.75817e-05,0.630508
17.78,nan,nan,-nan,0,0,-0,-0.386834,-1.5072,133.817,0.000808142,-0.000263947,0.000691178,-0.000359634,5.95178e-05,-0.000175617,0.630466
17.8,nan,nan,-nan,0,0,-0,-0.386674,-1.50602,133.817,-5.26831e-05,-0.000175097,-0.000145231,-8.23483e-05,0.000100174,1.34566e-06,0.63039
17.82,nan,nan,-nan,0,0,-0,-0.386632,-1.50663,133.816,-6.25391e-05,0.000265494,-0.000657139,-8.23483e-05,0.000100174,1.34566e-06,0.63039
17.84,nan,nan,-nan,0,0,-0,-0.386799,-1.50642,133.814,-0.000513056,-0.000895019,0.00039758,8.33337e-05,-0.000341666,-8.01887e-06,0.630314
17.86,nan,nan,-nan,0,0,-0,-0.38728,-1.5071,133.814,-0.000102289,0.000354047,-4.87773e-05,8.33337e-05,-0.000341666,-8.01887e-06,0.630314
17.88,nan,nan,-nan,0,0,-0,-0.386528,-1.50707,133.813,0.000518598,-0.000691778,0.000433608,-0.000192609,0.000151521,-0.000231955,0.630418
17.9,nan,nan,-nan,0,0,-0,-0.387428,-1.50701,133.812,-0.000355384,4.83071e-06,-0.000347166,-0.000107538,-0.000114854,-0.000111468,0.630389
17.92,nan,nan,-nan,0,0,-0,-0.38727,-1.50662,133.811,-0.000118393,0.00086576,0.00025931,-0.000107538,-0.000114854,-0.000111468,0.630389
17.94,nan,nan,-nan,0,0,-0,-0.388207,-1.50605,133.81,-0.00153364,-0.000160085,0.000416062,-0.000110326,-7.56549e-05,-5.58217e-05,0.630347
17.96,nan,nan,-nan,0,0,-0,-0.388187,-1.50728,133.81,0.00043734,-0.000522885,0.000257936,-0.000110326,-7.56549e-05,-5.58217e-05,0.630347
17.98,nan,nan,-nan,0,0,-0,-0.388347,-1.50645,133.809,-0.000319179,-0.000632205,4.30709e-05,0.00010247,-5.54161e-06,9.97124e-05,0.630257
18,nan,nan,-nan,0,0,-0,-0.388748,-1.50601,133.807,0.000167841,0.000285006,-0.00028267,0.000162023,8.47993e-05,-9.69227e-05,0.630446
18.02,nan,nan,-nan,0,0,-0,-0.38935,-1.50649,133.806,-0.000383563,-0.000390304,-9.91783e-05,0.000162023,8.47993e-05,-9.69227e-05,0.630446
18.04,nan,nan,-nan,0,0,-0,-0.38935,-1.50649,133.806,-0.000383563,-0.000390304,-9.91783e-05,-0.000250208,-0.000366093,-1.54118e-05,0.630455
18.06,nan,nan,-nan,0,0,-0,-0.388807,-1.50561,133.806,0.000622179,0.000685001,0.000419418,-0.000250208,-0.000366093,-1.54118e-05,0.630455
18.08,nan,nan,-nan,0,0,-0,-0.389143,-1.50545,133.804,-0.000227696,0.000397391,-8.77986e-05,0.000286304,-0.000305867,1.27803e-06,0.630379
18.1,nan,nan,-nan,0,0,-0,-0.389143,-1.50545,133.804,-0.000227696,0.000397391,-8.77986e-05,-2.73139e-05,0.000100713,6.94917e-05,0.630338
18.12,nan,nan,-nan,0,0,-0,-0.389569,-1.50421,133.803,-0.000123373,9.5944e-05,0.000194706,-2.73139e-05,0.000100713,6.94917e-05,0.630338
18.14,nan,nan,-nan,0,0,-0,-0.389721,-1.504,133.803,0.000461804,0.00132559,0.000306152,-0.000144368,-7.79643e-05,1.38851e-06,0.630311
18.16,nan,nan,-nan,0,0,-0,-0.38918,-1.50312,133.801,0.000725082,-0.000122892,1.93445e-05,-0.000144368,-7.79643e-05,1.38851e-06,0.630311
18.18,nan,nan,-nan,0,0,-0,-0.389653,-1.50218,133.8,-0.00032386,0.00104797,9.72082e-05,0.00029682,-0.000195721,4.53312e-05,0.630313
18.2,nan,nan,-nan,0,0,-0,-0.389983,-1.50138,133.799,-0.000288575,-0.000578582,0.000576824,-3.1177e-05,4.84656e-06,9.54931e-05,0.630219
18.22,nan,nan,-nan,0,0,-0,-0.389983,-1.50138,133.799,-0.000288575,-0.000578582,0.000576824,-3.1177e-05,4.84656e-06,9.54931e-05,0.630219
18.24,nan,nan,-nan,0,0,-0,-0.390659,-1.50251,133.798,-0.000671289,-0.000411981,0.000778604,-2.23367e-05,-0.000161413,1.04878e-06,0.630218
18.26,nan,nan,-nan,0,0,-0,-0.390451,-1.50242,133.797,0.000120028,-0.000966176,-0.000525146,-2.23367e-05,-0.000161413,1.04878e-06,0.630218
18.28,nan,nan,-nan,0,0,-0,-0.390907,-1.50295,133.794,-0.000337088,0.000502154,-0.00010712,-2.12684e-05,-0.000158751,0.000132113,0.630212
18.3,nan,nan,-nan,0,0,-0,-0.390907,-1.50295,133.794,-0.000337088,0.000502154,-0.00010712,3.31817e-05,2.43766e-05,1.01305e-06,0.630211
18.32,nan,nan,-nan,0,0,-0,-0.391128,-1.50244,133.794,0.000156414,0.000283292,0.000496044,3.31817e-05,2.43766e-05,1.01305e-06,0.630211
18.34,nan,nan,-nan,0,0,-0,-0.392237,-1.50245,133.793,-0.000648501,-0.000469216,0.000120551,0.000276148,4.0879e-05,9.83061e-07,0.630155
18.36,nan,nan,-nan,0,0,-0,-0.393059,-1.50309,133.792,-0.000837046,0.000196307,-7.40492e-05,0.000112703,-0.000393232,6.63552e-05,0.630156
18.38,nan,nan,-nan,0,0,-0,-0.393555,-1.50228,133.791,-0.000631286,-4.92802e-05,0.000364329,0.000112703,-0.000393232,6.63552e-05,0.630156
18.4,nan,nan,-nan,0,0,-0,-0.394062,-1.50201,133.79,-0.000765396,0.00074477,-0.000173288,-0.000298248,-0.000119859,5.56361e-05,0.630226
18.42,nan,nan,-nan,0,0,-0,-0.393291,-1.50226,133.789,0.000499165,-0.000641995,0.000324396,-0.000298248,-0.000119859,5.56361e-05,0.630226
18.44,nan,nan,-nan,0,0,-0,-0.394299,-1.50205,133.789,-0.000669909,0.000361085,0.000658919,0.00010483,-0.000160219,9.36693e-07,0.63023
18.46,nan,nan,-nan,0,0,-0,-0.394305,-1.50225,133.789,0.000492715,0.000198147,-0.000450385,-0.000397318,-1.01506e-05,0.000162106,0.630235
18.48,nan,nan,-nan,0,0,-0,-0.394727,-1.50147,133.788,-0.000227269,-0.000941142,9.89106e-05,-0.000397318,-1.01506e-05,0.000162106,0.630235
18.5,nan,nan,-nan,0,0,-0,-0.394133,-1.50181,133.786,0.000268871,0.000485975,-0.000507109,-0.00012956,-0.000361018,1.72317e-05,0.630268
18.52,nan,nan,-nan,0,0,-0,-0.394523,-1.50087,133.785,-0.000856692,-0.000403401,0.00061681,-0.00012956,-0.000361018,1.72317e-05,0.630268
18.54,nan,nan,-nan,0,0,-0,-0.395465,-1.50116,133.784,-6.20529e-06,0.000253763,-0.000451469,0.000215925,3.89849e-05,1.21829e-06,0.630219
18.56,nan,nan,-nan,0,0,-0,-0.396136,-1.50006,133.783,-0.000613956,0.0006373,3.55905e-05,0.000148832,2.8631e-05,-7.8282e-05,0.630213
18.58,nan,nan,-nan,0,0,-0,-0.396619,-1.49938,133.782,-0.000396904,0.000234609,-0.000665443,0.000148832,2.8631e-05,-7.8282e-05,0.630213
18.6,nan,nan,-nan,0,0,-0,-0.397369,-1.50044,133.782,-0.000847866,-0.000589007,0.000769773,-9.82749e-06,3.06558e-05,-6.54433e-05,0.630224
18.62,nan,nan,-nan,0,0,-0,-0.397805,-1.49894,133.781,-0.000632262,0.000553463,0.000393444,-9.82749e-06,3.06558e-05,-6.54433e-05,0.630224
18.64,nan,nan,-nan,0,0,-0,-0.3989,-1.49988,133.781,-0.000809239,-0.000191643,-7.95093e-06,5.98241e-06,0.000183546,1.12994e-06,0.630217
18.66,nan,nan,-nan,0,0,-0,-0.398251,-1.49963,133.78,0.000398017,-0.000611687,-0.000613364,-0.000178209,0.00041636,0.000230895,0.630318
18.68,nan,nan,-nan,0,0,-0,-0.39924,-1.49938,133.779,-0.000637162,0.000616967,-5.36102e-05,-0.000178209,0.00041636,0.000230895,0.630318
18.7,nan,nan,-nan,0,0,-0,-0.398595,-1.49999,133.779,0.000802987,-0.000663665,0.000585511,-0.000367997,0.000137329,-0.000127674,0.63032
18.72,nan,nan,-nan,0,0,-0,-0.398734,-1.49951,133.777,-3.17598e-05,0.00069716,-0.00138921,-0.000367997,0.000137329,-0.000127674,0.63032
18.74,nan,nan,-nan,0,0,-0,-0.398124,-1.50047,133.777,0.001004,-0.00040582,-6.46906e-05,3.68461e-05,-0.000513035,1.68327e-06,0.630432
18.76,nan,nan,-nan,0,0,-0,-0.398585,-1.49891,133.775,-0.000618764,0.000973035,-0.00115814,0.000354634,-0.000349461,0.00022366,0.630493
18.78,nan,nan,-nan,0,0,-0,-0.399408,-1.49991,133.775,-0.000420556,-0.000358852,3.64697e-05,0.000354634,-0.000349461,0.00022366,0.630493
18.8,nan,nan,-nan,0,0,-0,-0.399651,-1.49803,133.775,-0.00060297,0.00107542,0.000685075,-5.20748e-05,-0.000322824,-5.56158e-05,0.63057
18.82,nan,nan,-nan,0,0,-0,-0.399863,-1.49721,133.774,-7.34462e-05,0.000966778,-0.000251261,-5.20748e-05,-0.000322824,-5.56158e-05,0.63057
18.84,nan,nan,-nan,0,0,-0,-0.399769,-1.49656,133.774,0.000508913,0.000404262,0.00126794,0.000191174,4.22091e-05,-5.17302e-05,0.630552
18.86,nan,nan,-nan,0,0,-0,-0.400026,-1.49639,133.774,-0.000484573,-0.000128911,0.00037582,0.000365626,9.50181e-05,1.42293e-06,0.630545
18.88,nan,nan,-nan,0,0,-0,-0.400089,-1.49628,133.773,-0.000211889,0.000340514,0.000293278,0.000365626,9.50181e-05,1.42293e-06,0.630545
18.9,nan,nan,-nan,0,0,-0,-0.400256,-1.49508,133.771,-0.000336663,3.59729e-05,-0.00126147,4.48013e-05,2.4613e-05,1.93026e-06,0.630548
18.92,nan,nan,-nan,0,0,-0,-0.4006,-1.49581,133.77,1.99415e-05,-0.000270183,-0.000455877,4.48013e-05,2.4613e-05,1.93026e-06,0.630548
18.94,nan,nan,-nan,0,0,-0,-0.400308,-1.49473,133.769,0.000220128,-7.40634e-05,0.000136415,-0.0001642,6.80155e-05,-1.90421e-05,0.630627
18.96,nan,nan,-nan,0,0,-0,-0.399849,-1.49569,133.768,1.55642e-05,1.7205e-06,-0.00019016,0.000355157,6.51493e-05,6.97252e-06,0.630626
18.98,nan,nan,-nan,0,0,-0,-0.400172,-1.49484,133.766,-0.000833405,0.000426158,-0.0011221,0.000355157,6.51493e-05,6.97252e-06,0.630626
19,nan,nan,-nan,0,0,-0,-0.399752,-1.49481,133.764,0.000425478,0.000401182,0.00015053,-0.000325568,0.000244013,0.000129368,0.630638
19.02,nan,nan,-nan,0,0,-0,-0.399742,-1.49576,133.764,5.07495e-05,-0.000463681,0.000214575,-0.000325568,0.000244013,0.000129368,0.630638
19.04,nan,nan,-nan,0,0,-0,-0.398867,-1.49493,133.763,0.000821947,-0.000245965,-0.000748282,-2.89576e-05,0.000210322,8.57898e-05,0.630737
19.06,nan,nan,-nan,0,0,-0,-0.39911,-1.49541,133.762,-4.016e-05,0.000402741,-0.000236077,4.64141e-05,-0.00035133,8.99354e-05,0.630556
19.08,nan,nan,-nan,0,0,-0,-0.399265,-1.4954,133.761,-0.000609409,-0.000974141,-0.000179372,4.64141e-05,-0.00035133,8.99354e-05,0.630556
19.1,nan,nan,-nan,0,0,-0,-0.39929,-1.49533,133.76,0.000199831,2.70911e-05,-0.000324894,-0.000179722,-0.000441882,-2.28502e-05,0.630518
19.12,nan,nan,-nan,0,0,-0,-0.400227,-1.49502,133.76,-0.000940798,4.59583e-05,0.000195564,6.82747e-05,0.000231002,9.69116e-07,0.63057
19.14,nan,nan,-nan,0,0,-0,-0.400355,-1.49391,133.76,0.000138944,0.000901351,5.41715e-05,6.82747e-05,0.000231002,9.69116e-07,0.63057
19.16,nan,nan,-nan,0,0,-0,-0.399589,-1.49466,133.759,0.000658911,-0.000272994,-0.000364938,-0.000118774,9.99708e-05,5.75212e-05,0.630447
19.18,nan,nan,-nan,0,0,-0,-0.399427,-1.49412,133.758,0.000148857,0.000288108,-0.000736077,-0.000118774,9.99708e-05,5.75212e-05,0.630447
19.2,nan,nan,-nan,0,0,-0,-0.399155,-1.49497,133.758,0.000445035,0.000206157,0.000510752,5.52867e-05,-4.74662e-05,-0.00016854,0.630444
19.22,nan,nan,-nan,0,0,-0,-0.399535,-1.49452,133.758,-0.000396549,-0.000405476,0.000479508,-8.70256e-06,2.88659e-05,9.98825e-07,0.630422
19.24,nan,nan,-nan,0,0,-0,-0.399605,-1.49463,133.757,-2.25751e-05,-0.000197228,-0.000571292,-8.70256e-06,2.88659e-05,9.98825e-07,0.630422
19.26,nan,nan,-nan,0,0,-0,-0.400037,-1.49515,133.756,-0.000558972,-0.000425209,-4.90984e-05,0.000131048,0.000126074,-0.000166453,0.630414
19.28,nan,nan,-nan,0,0,-0,-0.400717,-1.49419,133.755,-7.18805e-05,0.000385106,-0.000457687,0.000131048,0.000126074,-0.000166453,0.630414
19.3,nan,nan,-nan,0,0,-0,-0.401656,-1.49479,133.755,-0.000757509,-0.000407341,0.000284391,1.77285e-05,0.000110434,-0.000169278,0.630363
19.32,nan,nan,-nan,0,0,-0,-0.401884,-1.49384,133.755,6.499e-06,0.00048772,0.000235505,-0.000371683,-6.19736e-05,9.90833e-07,0.630445
19.34,nan,nan,-nan,0,0,-0,-0.402016,-1.49449,133.754,0.000328839,-6.64749e-06,-0.00012926,-0.000371683,-6.19736e-05,9.90833e-07,0.630445
19.36,nan,nan,-nan,0,0,-0,-0.401777,-1.49451,133.754,0.000185305,-0.00064877,-0.000164975,2.39464e-05,0.000254368,-5.91158e-05,0.630527
19.38,nan,nan,-nan,0,0,-0,-0.402561,-1.49441,133.753,-0.000454921,0.000485063,-0.000199412,2.39464e-05,0.000254368,-5.91158e-05,0.630527
19.4,nan,nan,-nan,0,0,-0,-0.40277,-1.49549,133.752,-0.000113644,-0.000279085,0.000221354,-0.000124026,0.00054767,-3.79152e-05,0.630512
19.42,nan,nan,-nan,0,0,-0,-0.402937,-1.49435,133.753,-0.000114257,0.000558073,0.000589732,-0.000146827,0.000349993,8.74333e-07,0.630522
19.44,nan,nan,-nan,0,0,-0,-0.401722,-1.49572,133.753,0.00147196,-0.000426114,0.000942767,-0.000146827,0.000349993,8.74333e-07,0.630522
19.46,nan,nan,-nan,0,0,-0,-0.40139,-1.49509,133.753,-0.000219923,-0.000634894,0.000343447,0.000540429,-3.66193e-05,1.04022e-06,0.630529
19.48,nan,nan,-nan,0,0,-0,-0.401897,-1.49576,133.753,6.42115e-05,0.000814132,-0.000248542,0.000540429,-3.66193e-05,1.04022e-06,0.630529
19.5,nan,nan,-nan,0,0,-0,-0.40169,-1.49488,133.752,-0.00040535,0.000760149,1.51049e-05,0.000459003,-7.12561e-06,-7.80279e-05,0.630533
19.52,nan,nan,-nan,0,0,-0,-0.401895,-1.49524,133.752,9.50365e-05,0.000497146,0.000161968,0.000459003,-7.12561e-06,-7.80279e-05,0.630533
19.54,nan,nan,-nan,0,0,-0,-0.401692,-1.49467,133.75,-1.48098e-05,6.07589e-05,-0.000483459,8.86625e-06,-4.0384e-05,1.10417e-06,0.630442
19.56,nan,nan,-nan,0,0,-0,-0.401678,-1.49336,133.75,0.000271416,0.000124822,0.000263265,-0.000167141,3.17727e-05,-6.12785e-06,0.630283
19.58,nan,nan,-nan,0,0,-0,-0.402043,-1.49469,133.749,-0.000437001,-0.000564907,-0.000310077,-0.000167141,3.17727e-05,-6.12785e-06,0.630283
19.6,nan,nan,-nan,0,0,-0,-0.401336,-1.49383,133.748,0.000266759,-9.72917e-05,-8.47389e-05,-0.000269763,3.73406e-05,-5.39964e-05,0.63033
19.62,nan,nan,-nan,0,0,-0,-0.401134,-1.4951,133.749,0.000563389,-0.000605059,0.000658277,4.71224e-05,0.000108067,1.68103e-05,0.630315
19.64,nan,nan,-nan,0,0,-0,-0.401716,-1.49443,133.748,-0.000318992,-6.05153e-05,0.00109469,4.71224e-05,0.000108067,1.68103e-05,0.630315
19.66,nan,nan,-nan,0,0,-0,-0.402021,-1.4943,133.749,-0.000686088,0.00028342,0.000158253,0.000207143,0.000314978,8.13537e-07,0.630244
19.68,nan,nan,-nan,0,0,-0,-0.402119,-1.49411,133.748,0.000481228,-0.00034334,-0.000523811,0.000207143,0.000314978,8.13537e-07,0.630244
19.7,nan,nan,-nan,0,0,-0,-0.402273,-1.4944,133.748,0.000112456,-0.000586064,0.000499709,0.000181503,-1.95864e-05,7.35583e-07,0.63028
19.72,nan,nan,-nan,0,0,-0,-0.402543,-1.49543,133.748,0.00016786,-0.000134835,-9.36876e-05,0.000131674,-0.000184793,0.000167,0.630289
19.74,nan,nan,-nan,0,0,-0,-0.401761,-1.49473,133.746,0.00129796,0.000119732,-0.00081583,0.000131674,-0.000184793,0.000167,0.630289
19.76,nan,nan,-nan,0,0,-0,-0.401645,-1.49594,133.746,0.000172166,-1.21658e-05,-0.000729719,0.000325253,8.9611e-05,1.83524e-05,0.630354
19.78,nan,nan,-nan,0,0,-0,-0.401045,-1.49578,133.745,0.000569853,-0.000892416,0.000135197,0.000115315,-0.000332582,0.000149629,0.630355
19.8,nan,nan,-nan,0,0,-0,-0.401793,-1.49551,133.745,-0.00108748,0.000464049,-0.000261587,0.000115315,-0.000332582,0.000149629,0.630355
19.82,nan,nan,-nan,0,0,-0,-0.401182,-1.49547,133.744,0.000409922,3.70594e-05,0.000201245,5.28904e-05,-5.92552e-05,0.000123703,0.630254
19.84,nan,nan,-nan,0,0,-0,-0.400694,-1.49497,133.743,0.000784189,-0.000149502,-0.000206196,5.28904e-05,-5.92552e-05,0.000123703,0.630254
19.86,nan,nan,-nan,0,0,-0,-0.400634,-1.49484,133.743,6.70183e-05,0.000777089,0.000360371,9.88867e-05,-0.000525838,-9.70104e-05,0.630247
19.88,nan,nan,-nan,0,0,-0,-0.400637,-1.49367,133.742,-0.000483111,9.52691e-05,-5.45708e-05,-8.69893e-05,0.000269193,-6.60142e-05,0.630268
19.9,nan,nan,-nan,0,0,-0,-0.400511,-1.49467,133.741,0.000845414,-8.62965e-05,0.000293781,-8.69893e-05,0.000269193,-6.60142e-05,0.630268
19.92,nan,nan,-nan,0,0,-0,-0.400426,-1.49479,133.74,-1.23124e-05,-0.00096735,-0.000491365,0.000429712,-7.42125e-05,5.95179e-05,0.63013
19.94,nan,nan,-nan,0,0,-0,-0.402083,-1.49488,133.739,-0.00114415,1.37097e-05,-0.000442473,0.000429712,-7.42125e-05,5.95179e-05,0.63013
19.96,nan,nan,-nan,0,0,-0,-0.401786,-1.49517,133.738,0.000298126,-0.00040879,0.000904901,-2.93024e-05,-0.000183378,7.02206e-06,0.630054
19.98,nan,nan,-nan,0,0,-0,-0.401862,-1.49452,133.738,0.000213512,0.00032713,-0.000345808,5.97744e-07,0.000417358,1.06989e-06,0.62996
20,nan,nan,-nan,0,0,-0,-0.401998,-1.49451,133.737,0.000147145,-7.58811e-05,-0.000477011,5.97744e-07,0.000417358,1.06989e-06,0.62996
20.02,nan,nan,-nan,0,0,-0,-0.401998,-1.49451,133.737,0.000147145,-7.58811e-05,-0.000477011,1.1886e-05,0.000289417,-0.00011701,0.629973
20.04,nan,nan,-nan,0,0,-0,-0.401635,-1.49494,133.737,0.000598566,0.000117387,-0.000125495,1.1886e-05,0.000289417,-0.00011701,0.629973
20.06,nan,nan,-nan,0,0,-0,-0.401631,-1.49479,133.735,-0.00017706,5.5633e-05,-0.000663114,0.000202642,0.000170163,-4.00996e-05,0.630003
20.08,nan,nan,-nan,0,0,-0,-0.40238,-1.49443,133.735,-5.6235e-05,-0.000112631,0.000319899,9.61602e-05,0.000407637,1.06313e-06,0.629878
20.1,nan,nan,-nan,0,0,-0,-0.40238,-1.49443,133.735,-5.6235e-05,-0.000112631,0.000319899,9.61602e-05,0.000407637,1.06313e-06,0.629878
20.12,nan,nan,-nan,0,0,-0,-0.401949,-1.4932,133.735,0.000326713,0.000540853,0.000306814,3.49843e-05,-0.000115526,-9.43171e-05,0.629844
20.14,nan,nan,-nan,0,0,-0,-0.402543,-1.49404,133.734,-3.0726e-05,-3.17395e-06,-0.000870542,3.49843e-05,-0.000115526,-9.43171e-05,0.629844
20.16,nan,nan,-nan,0,0,-0,-0.402287,-1.49445,133.734,0.000177171,-0.000273084,0.000238864,-0.000115916,-0.000118173,-5.10836e-05,0.629883
20.18,nan,nan,-nan,0,0,-0,-0.401697,-1.49422,133.733,0.000214406,0.000232189,-0.000525211,-9.68129e-05,-6.20464e-05,1.36064e-06,0.629896
20.2,nan,nan,-nan,0,0,-0,-0.401704,-1.4939,133.732,0.000395552,-0.000361474,-0.000146967,-9.68129e-05,-6.20464e-05,1.36064e-06,0.629896
20.22,nan,nan,-nan,0,0,-0,-0.402041,-1.49524,133.732,-0.000217823,-0.00102317,0.000333448,3.93781e-05,0.000443801,-5.89363e-05,0.629877
20.24,nan,nan,-nan,0,0,-0,-0.402813,-1.49484,133.731,-0.000505614,-0.00031362,0.000397501,-9.46135e-05,-0.000281515,4.6336e-05,0.629865
20.26,nan,nan,-nan,0,0,-0,-0.404196,-1.49567,133.731,-0.000891913,-0.000318726,-0.000286325,-9.46135e-05,-0.000281515,4.6336e-05,0.629865
20.28,nan,nan,-nan,0,0,-0,-0.404642,-1.49425,133.73,-0.000587114,0.000247479,-4.66849e-05,-6.55359e-05,6.29823e-05,-2.94738e-05,0.629942
20.3,nan,nan,-nan,0,0,-0,-0.404757,-1.49499,133.729,-0.000125335,0.000140903,-7.2605e-05,-6.55359e-05,6.29823e-05,-2.94738e-05,0.629942
20.32,nan,nan,-nan,0,0,-0,-0.405322,-1.49491,133.729,-0.000606857,0.00017441,5.50386e-05,5.18714e-05,2.81555e-06,6.80382e-06,0.629986
20.34,nan,nan,-nan,0,0,-0,-0.405627,-1.49503,133.728,7.24847e-05,-0.000285477,0.000266186,-0.000195845,-0.00014228,-1.7436e-05,0.630022
20.36,nan,nan,-nan,0,0,-0,-0.405545,-1.49608,133.728,0.000376379,-0.000596385,-6.45239e-05,-0.000195845,-0.00014228,-1.7436e-05,0.630022
20.38,nan,nan,-nan,0,0,-0,-0.406403,-1.49525,133.727,-0.00083686,0.000555247,0.000274729,0.000172038,-0.00021384,0.000181914,0.630093
20.4,nan,nan,-nan,0,0,-0,-0.407358,-1.49615,133.727,-0.00109283,-0.000691539,0.000242343,0.000172038,-0.00021384,0.000181914,0.630093
20.42,nan,nan,-nan,0,0,-0,-0.406459,-1.49467,133.725,0.000725286,0.00065816,-0.00104587,0.000134039,0.000415664,0.000102543,0.630051
20.44,nan,nan,-nan,0,0,-0,-0.406812,-1.49507,133.724,-0.000277404,-0.000567119,0.000185115,0.000310026,0.000358454,1.40003e-06,0.630072
20.46,nan,nan,-nan,0,0,-0,-0.406968,-1.4938,133.723,-0.000405853,0.000505865,0.000125952,0.000310026,0.000358454,1.40003e-06,0.630072
20.48,nan,nan,-nan,0,0,-0,-0.407614,-1.49312,133.724,-0.000275291,8.99411e-05,0.000354205,0.000138962,0.000210325,1.33811e-06,0.630195
20.5,nan,nan,-nan,0,0,-0,-0.408178,-1.4933,133.724,-0.000598375,0.000922629,-6.91682e-05,0.000142391,-0.00035994,0.000217179,0.630234
20.52,nan,nan,-nan,0,0,-0,-0.408379,-1.49207,133.723,-0.000581361,0.000567476,5.20796e-06,0.000142391,-0.00035994,0.000217179,0.630234
20.54,nan,nan,-nan,0,0,-0,-0.40942,-1.49248,133.723,-0.000575728,-6.03989e-05,0.000459304,1.12534e-05,0.000166425,1.17538e-06,0.630363
20.56,nan,nan,-nan,0,0,-0,-0.409991,-1.49181,133.723,-0.000410379,0.000533333,0.000279838,1.12534e-05,0.000166425,1.17538e-06,0.630363
20.58,nan,nan,-nan,0,0,-0,-0.410733,-1.4927,133.723,-0.000634628,-6.02697e-05,0.000696804,9.00035e-05,0.000106511,1.40082e-05,0.630347
20.6,nan,nan,-nan,0,0,-0,-0.410851,-1.49251,133.723,0.000234288,0.000187907,0.00012995,0.00013424,-0.000124782,-3.18741e-05,0.630359
20.62,nan,nan,-nan,0,0,-0,-0.411677,-1.49206,133.723,-0.000575046,0.000107548,0.000463414,0.00013424,-0.000124782,-3.18741e-05,0.630359
20.64,nan,nan,-nan,0,0,-0,-0.411855,-1.49238,133.722,-0.000506147,0.000402776,-7.11244e-05,0.000168487,1.32932e-05,1.28795e-06,0.630307
20.66,nan,nan,-nan,0,0,-0,-0.412421,-1.49092,133.722,-0.000685152,0.00085053,0.000788741,0.000168487,1.32932e-05,1.28795e-06,0.630307
20.68,nan,nan,-nan,0,0,-0,-0.413027,-1.49195,133.722,0.000106233,-0.00030595,-5.97567e-05,-6.46657e-05,0.000249308,1.22567e-06,0.630247
20.7,nan,nan,-nan,0,0,-0,-0.412431,-1.49097,133.721,0.000232449,0.000121622,-0.000739383,8.72726e-05,0.000161465,-0.000189562,0.630233
20.72,nan,nan,-nan,0,0,-0,-0.413006,-1.49106,133.72,-0.000444703,0.000223652,-0.000300699,8.72726e-05,0.000161465,-0.000189562,0.630233
20.74,nan,nan,-nan,0,0,-0,-0.412547,-1.49137,133.72,2.38919e-05,-0.000105041,0.000629576,4.92778e-05,0.000177997,1.19252e-06,0.630137
20.76,nan,nan,-nan,0,0,-0,-0.411507,-1.49073,133.72,0.00117281,0.000306834,0.000806406,4.92778e-05,0.000177997,1.19252e-06,0.630137
20.78,nan,nan,-nan,0,0,-0,-0.411144,-1.49106,133.719,1.18052e-05,0.000112607,-0.000341834,0.000213934,0.000329802,1.58198e-06,0.630083
20.8,nan,nan,-nan,0,0,-0,-0.410731,-1.49067,133.716,0.000599926,-0.000260257,-0.00109462,-0.000103476,0.000270186,-0.000254843,0.630075
20.82,nan,nan,-nan,0,0,-0,-0.411097,-1.49201,133.716,0.000250039,-0.000238726,0.000305647,-0.000103476,0.000270186,-0.000254843,0.630075
20.84,nan,nan,-nan,0,0,-0,-0.410101,-1.4911,133.715,0.000769938,0.000392636,-0.000204432,-0.000194517,2.66356e-05,1.49294e-06,0.630062
20.86,nan,nan,-nan,0,0,-0,-0.410168,-1.49177,133.715,0.000250462,-0.000439523,-0.00015439,0.000210194,0.000114599,1.52768e-06,0.630004
20.88,nan,nan,-nan,0,0,-0,-0.410331,-1.49166,133.713,-0.000223025,0.000143591,-0.000221395,0.000210194,0.000114599,1.52768e-06,0.630004
20.9,nan,nan,-nan,0,0,-0,-0.411445,-1.49185,133.713,-0.000905441,-0.000796186,9.90352e-05,-0.000268645,0.000174819,-0.000199407,0.630032
20.92,nan,nan,-nan,0,0,-0,-0.411499,-1.49259,133.713,0.000243112,-9.94087e-05,0.000119264,-0.000268645,0.000174819,-0.000199407,0.630032
20.94,nan,nan,-nan,0,0,-0,-0.411013,-1.49205,133.711,0.000369738,-0.000738299,-0.000464642,3.54243e-05,0.00030942,-5.23264e-05,0.629937
20.96,nan,nan,-nan,0,0,-0,-0.411044,-1.49323,133.71,7.09837e-05,-0.000706473,-0.000174617,-8.75885e-05,-0.000203676,1.68272e-06,0.629959
20.98,nan,nan,-nan,0,0,-0,-0.411246,-1.49261,133.709,-0.000480799,-0.000369184,-0.000449088,-8.75885e-05,-0.000203676,1.68272e-06,0.629959
21,nan,nan,-nan,0,0,-0,-0.41098,-1.49354,133.709,6.0724e-05,-0.000520116,-0.000717977,-2.12681e-05,-0.000136155,-4.13616e-06,0.630035
21.02,nan,nan,-nan,0,0,-0,-0.410762,-1.49292,133.708,-2.35554e-05,0.000285056,-0.000205248,-2.12681e-05,-0.000136155,-4.13616e-06,0.630035
21.04,nan,nan,-nan,0,0,-0,-0.410205,-1.49387,133.707,0.000362482,-0.000945726,-0.000296226,7.29698e-05,0.000158704,5.42778e-06,0.629968
21.06,nan,nan,-nan,0,0,-0,-0.409977,-1.49465,133.706,1.66912e-05,-0.000284941,0.000339478,4.47274e-05,0.000221268,-4.97607e-05,0.62985
21.08,nan,nan,-nan,0,0,-0,-0.409977,-1.49465,133.706,1.66912e-05,-0.000284941,0.000339478,4.47274e-05,0.000221268,-4.97607e-05,0.62985
21.1,nan,nan,-nan,0,0,-0,-0.410692,-1.49444,133.705,-0.000122338,0.000134372,-0.00065736,-6.56569e-05,-0.000246486,2.40254e-05,0.629878
21.12,nan,nan,-nan,0,0,-0,-0.410692,-1.49444,133.705,-0.000122338,0.000134372,-0.00065736,-6.56569e-05,-0.000246486,2.40254e-05,0.629878
21.14,nan,nan,-nan,0,0,-0,-0.412,-1.49506,133.704,-0.000548608,0.000271032,-0.000425528,-0.000280516,0.000131126,3.66906e-05,0.629966
21.16,nan,nan,-nan,0,0,-0,-0.412346,-1.495,133.704,-0.000607728,-0.000183802,0.00106916,-0.000221883,2.38764e-05,-3.66231e-05,0.630071
21.18,nan,nan,-nan,0,0,-0,-0.412992,-1.49627,133.705,-0.000483934,-0.00105867,0.00127136,-0.000221883,2.38764e-05,-3.66231e-05,0.630071
21.2,nan,nan,-nan,0,0,-0,-0.41271,-1.49572,133.705,0.000414481,0.000268886,-0.000100104,-8.62813e-05,0.000109738,1.12823e-06,0.630097
21.22,nan,nan,-nan,0,0,-0,-0.412769,-1.49651,133.705,0.000442194,-0.000151849,0.000296137,-8.27688e-05,2.13429e-05,1.33402e-06,0.630044
21.24,nan,nan,-nan,0,0,-0,-0.412971,-1.49574,133.705,-1.48909e-05,-0.000421042,0.000787358,-8.27688e-05,2.13429e-05,1.33402e-06,0.630044
21.26,nan,nan,-nan,0,0,-0,-0.413739,-1.49688,133.705,-0.000551292,-0.000626366,-0.000557312,0.000155613,1.91366e-05,0.000101826,0.630078
21.28,nan,nan,-nan,0,0,-0,-0.413267,-1.49657,133.705,0.00073668,0.000598723,0.000706722,0.000155613,1.91366e-05,0.000101826,0.630078
21.3,nan,nan,-nan,0,0,-0,-0.412705,-1.49537,133.705,0.000651381,0.000588602,0.000146725,-0.00010723,-0.000176246,-1.71543e-05,0.63006
21.32,nan,nan,-nan,0,0,-0,-0.412256,-1.4965,133.704,0.000384649,-0.000902312,-0.000379644,1.68388e-05,1.91318e-05,6.28671e-06,0.630165
21.34,nan,nan,-nan,0,0,-0,-0.412073,-1.4963,133.703,0.000103702,-3.95641e-05,-0.0012349,1.68388e-05,1.91318e-05,6.28671e-06,0.630165
21.36,nan,nan,-nan,0,0,-0,-0.412846,-1.49728,133.703,-0.000213864,-0.000697411,0.000297464,0.00027137,-6.6976e-05,-0.000177292,0.630149
21.38,nan,nan,-nan,0,0,-0,-0.412812,-1.49644,133.702,-0.000330462,-6.75056e-05,-0.000509349,0.00027137,-6.6976e-05,-0.000177292,0.630149
21.4,nan,nan,-nan,0,0,-0,-0.413761,-1.49694,133.702,-0.000797948,0.000335395,-0.000427747,0.000265082,0.000262005,1.45148e-06,0.630117
21.42,nan,nan,-nan,0,0,-0,-0.414052,-1.49664,133.702,-0.000393927,0.00069378,0.000310075,0.000136417,-0.000126204,0.000179507,0.629987
21.44,nan,nan,-nan,0,0,-0,-0.414561,-1.49666,133.702,1.78968e-05,-0.000252637,-2.08379e-05,0.000136417,-0.000126204,0.000179507,0.629987
21.46,nan,nan,-nan,0,0,-0,-0.415189,-1.49784,133.701,-0.00069061,-0.000610649,-0.000460421,4.62258e-05,0.000286415,-0.000168748,0.629891
21.48,nan,nan,-nan,0,0,-0,-0.414758,-1.4967,133.7,-2.44441e-05,-0.000398866,-0.000110246,4.62258e-05,0.000286415,-0.000168748,0.629891
21.5,nan,nan,-nan,0,0,-0,-0.414917,-1.49788,133.7,0.000349294,-0.00079085,0.000587316,5.58433e-05,9.63853e-05,1.70617e-06,0.629887
21.52,nan,nan,-nan,0,0,-0,-0.415109,-1.49729,133.7,-0.000697877,-0.000110697,0.000419873,0.000157632,-0.000239439,-0.000122987,0.629879
21.54,nan,nan,-nan,0,0,-0,-0.4159,-1.49813,133.7,-0.000676302,-0.000679754,0.000181792,0.000157632,-0.000239439,-0.000122987,0.629879
21.56,nan,nan,-nan,0,0,-0,-0.415855,-1.49863,133.699,0.000276011,-0.000353115,-0.00112984,-7.41115e-05,0.0002912,7.15746e-05,0.6299
21.58,nan,nan,-nan,0,0,-0,-0.416701,-1.49841,133.698,-0.000426129,-0.000255653,-5.21045e-05,-3.35606e-05,0.000298165,-0.000177671,0.629857
21.6,nan,nan,-nan,0,0,-0,-0.416784,-1.49916,133.698,1.14436e-05,-0.000273995,0.000966078,-3.35606e-05,0.000298165,-0.000177671,0.629857
21.62,nan,nan,-nan,0,0,-0,-0.416947,-1.49797,133.698,0.000169328,0.000158921,-0.00032916,-4.3691e-05,0.000314928,-7.21798e-05,0.629867
21.64,nan,nan,-nan,0,0,-0,-0.417786,-1.4978,133.698,-0.000776559,0.000881489,0.000451716,-4.3691e-05,0.000314928,-7.21798e-05,0.629867
21.66,nan,nan,-nan,0,0,-0,-0.416877,-1.49696,133.697,0.00059978,0.000561719,-0.000287864,-0.000414509,0.000333413,1.86205e-06,0.629969
21.68,nan,nan,-nan,0,0,-0,-0.417619,-1.49774,133.697,-0.000348946,-0.000564447,0.000260819,-0.000223055,-0.000236609,1.7494e-06,0.630033
21.7,nan,nan,-nan,0,0,-0,-0.417241,-1.498,133.697,0.000428954,-0.000281053,-0.000130308,-0.000223055,-0.000236609,1.7494e-06,0.630033
21.72,nan,nan,-nan,0,0,-0,-0.416826,-1.49783,133.696,9.83455e-05,-0.000581122,0.000126332,0.000133968,0.000138794,1.655e-06,0.630027
21.74,nan,nan,-nan,0,0,-0,-0.417149,-1.49925,133.695,-0.000367755,-0.000915432,-0.000835622,0.000133968,0.000138794,1.655e-06,0.630027
21.76,nan,nan,-nan,0,0,-0,-0.41728,-1.49859,133.694,-0.000296202,-0.000528431,-0.000151079,0.000101609,-0.000324544,1.72434e-06,0.630101
21.78,nan,nan,-nan,0,0,-0,-0.41712,-1.49907,133.695,4.97141e-05,8.22452e-05,0.000746774,-3.47267e-05,-0.000104528,1.47963e-06,0.630081
21.8,nan,nan,-nan,0,0,-0,-0.416218,-1.49802,133.694,0.000863266,0.000570497,-0.000508744,-3.47267e-05,-0.000104528,1.47963e-06,0.630081
21.82,nan,nan,-nan,0,0,-0,-0.416091,-1.4982,133.694,0.000140787,-0.00036817,0.000262074,4.73769e-05,0.000189502,-4.10851e-05,0.630076
21.84,nan,nan,-nan,0,0,-0,-0.416635,-1.49867,133.693,-0.000363386,-0.000573751,-0.000437722,-3.50959e-05,-0.000100641,1.69708e-06,0.630221
21.86,nan,nan,-nan,0,0,-0,-0.416753,-1.49859,133.692,-0.000277048,-0.000408979,3.97922e-05,-3.50959e-05,-0.000100641,1.69708e-06,0.630221
21.88,nan,nan,-nan,0,0,-0,-0.416906,-1.49932,133.692,-0.000382785,0.000140985,-0.000268859,5.4453e-05,0.000200538,-3.6881e-06,0.630222
21.9,nan,nan,-nan,0,0,-0,-0.416903,-1.49835,133.691,-2.66262e-05,0.000675809,0.000578153,5.4453e-05,0.000200538,-3.6881e-06,0.630222
21.92,nan,nan,-nan,0,0,-0,-0.417205,-1.49934,133.69,0.000192249,-0.000685903,-0.000988366,-7.75885e-05,0.000449169,-2.11767e-06,0.630097
21.94,nan,nan,-nan,0,0,-0,-0.416379,-1.49921,133.689,0.000918319,-2.40788e-05,-9.37546e-05,5.03125e-05,0.000295081,1.61205e-06,0.630074
21.96,nan,nan,-nan,0,0,-0,-0.415522,-1.50053,133.689,0.000919819,-0.000844393,-0.000261982,5.03125e-05,0.000295081,1.61205e-06,0.630074
21.98,nan,nan,-nan,0,0,-0,-0.415485,-1.49972,133.687,-7.35691e-05,-0.000167336,-0.000367162,-2.39348e-06,5.54293e-05,1.30982e-06,0.629989
22,nan,nan,-nan,0,0,-0,-0.415485,-1.49972,133.687,-7.35691e-05,-0.000167336,-0.000367162,-2.39348e-06,5.54293e-05,1.30982e-06,0.629989
22.02,nan,nan,-nan,0,0,-0,-0.415105,-1.49994,133.686,0.000629674,-0.000403472,-0.000170836,9.55254e-05,-0.000121424,9.65308e-05,0.630024
22.04,nan,nan,-nan,0,0,-0,-0.414225,-1.50084,133.686,0.000883353,-0.000264586,-0.000271586,-0.000105006,7.77853e-05,1.39873e-06,0.629894
22.06,nan,nan,-nan,0,0,-0,-0.413972,-1.50141,133.685,-8.93777e-05,-0.000787501,-0.000312895,-0.000105006,7.77853e-05,1.39873e-06,0.629894
22.08,nan,nan,-nan,0,0,-0,-0.414378,-1.50256,133.685,-0.000546469,-0.00134192,0.000390425,7.94481e-05,-0.000254082,1.30977e-06,0.630086
22.1,nan,nan,-nan,0,0,-0,-0.415237,-1.50218,133.685,-0.000411337,0.000383159,-0.000345172,7.94481e-05,-0.000254082,1.30977e-06,0.630086
22.12,nan,nan,-nan,0,0,-0,-0.415508,-1.50153,133.684,-0.000468101,0.000169255,-0.000148737,-0.000108336,-0.000105068,-0.000117189,0.630118
22.14,nan,nan,-nan,0,0,-0,-0.415388,-1.50279,133.683,1.08478e-05,7.30619e-05,-0.000179839,-9.76157e-05,0.000292778,-0.000250558,0.630109
22.16,nan,nan,-nan,0,0,-0,-0.415769,-1.50158,133.682,-0.000726714,2.89623e-05,-0.000351053,-9.76157e-05,0.000292778,-0.000250558,0.630109
22.18,nan,nan,-nan,0,0,-0,-0.416008,-1.50223,133.682,-0.000214241,1.43297e-05,-0.000269162,5.26253e-06,0.000168519,-0.000168473,0.630141
22.2,nan,nan,-nan,0,0,-0,-0.415602,-1.50129,133.681,0.000322089,0.000313246,0.000434304,-0.000230263,0.000113789,-0.000101114,0.630104
22.22,nan,nan,-nan,0,0,-0,-0.415758,-1.50177,133.681,-0.000422944,-2.92079e-05,0.000112208,-0.000230263,0.000113789,-0.000101114,0.630104
22.24,nan,nan,-nan,0,0,-0,-0.41656,-1.5021,133.68,-0.000300062,0.000447497,-3.12808e-06,0.000302489,0.000508926,-0.00011068,0.63009
22.26,nan,nan,-nan,0,0,-0,-0.416883,-1.50133,133.68,-0.000588519,0.000191315,0.000319283,0.000302489,0.000508926,-0.00011068,0.63009
22.28,nan,nan,-nan,0,0,-0,-0.417088,-1.50099,133.68,0.000224898,0.00151828,0.000215642,3.87988e-05,-7.13382e-05,1.73793e-06,0.630134
22.3,nan,nan,-nan,0,0,-0,-0.416228,-1.50033,133.679,0.000551722,4.35326e-05,-6.97428e-05,-0.000117493,0.00035339,-0.000158799,0.63013
22.32,nan,nan,-nan,0,0,-0,-0.416661,-1.50103,133.679,-0.000544871,-0.000400572,-0.000262667,-0.000117493,0.00035339,-0.000158799,0.63013
22.34,nan,nan,-nan,0,0,-0,-0.415912,-1.50045,133.677,0.000419737,5.90501e-05,-0.00088753,-0.000254162,-0.000204765,-5.83698e-05,0.630232
22.36,nan,nan,-nan,0,0,-0,-0.41608,-1.50088,133.677,0.000347514,0.000121966,0.000125109,-0.000254162,-0.000204765,-5.83698e-05,0.630232
22.38,nan,nan,-nan,0,0,-0,-0.415622,-1.5009,133.677,0.000492244,-0.000512676,-0.000631554,-0.000167664,-0.000435427,1.59897e-06,0.630203
22.4,nan,nan,-nan,0,0,-0,-0.415448,-1.50054,133.676,1.31413e-05,0.000342944,0.000280837,2.17582e-05,-0.000333945,-5.87661e-05,0.630225
22.42,nan,nan,-nan,0,0,-0,-0.41603,-1.50096,133.677,-0.000391688,0.000498332,0.000270128,2.17582e-05,-0.000333945,-5.87661e-05,0.630225
22.44,nan,nan,-nan,0,0,-0,-0.416194,-1.50054,133.676,8.92743e-05,-1.15911e-05,-0.000294061,-1.3349e-05,0.000157963,-1.53115e-05,0.630263
22.46,nan,nan,-nan,0,0,-0,-0.416927,-1.50127,133.675,-0.000738904,-0.00040288,0.000243881,-1.3349e-05,0.000157963,-1.53115e-05,0.630263
22.48,nan,nan,-nan,0,0,-0,-0.416792,-1.49987,133.674,-0.000225607,0.00018428,-0.000781904,-0.000188817,2.29607e-05,6.55736e-05,0.63034
22.5,nan,nan,-nan,0,0,-0,-0.417546,-1.50044,133.675,-0.000643274,-0.000590263,0.000981081,-9.7338e-05,7.95243e-05,2.89647e-05,0.630386
22.52,nan,nan,-nan,0,0,-0,-0.417375,-1.50111,133.675,-0.00043621,-0.000556143,0.000123147,-9.7338e-05,7.95243e-05,2.89647e-05,0.630386
22.54,nan,nan,-nan,0,0,-0,-0.417435,-1.50056,133.675,0.000247813,-0.000429689,1.49722e-05,-0.000177724,-0.000525131,7.66825e-05,0.630263
22.56,nan,nan,-nan,0,0,-0,-0.41856,-1.50222,133.675,-0.00123022,-0.00115845,0.000546436,-7.49005e-05,-0.000248461,1.59217e-06,0.630377
22.58,nan,nan,-nan,0,0,-0,-0.418514,-1.50098,133.674,0.00027444,-6.17551e-05,0.000401567,-7.49005e-05,-0.000248461,1.59217e-06,0.630377
22.6,nan,nan,-nan,0,0,-0,-0.41822,-1.50213,133.675,0.000829624,-0.000400491,0.000394889,-0.000105082,0.000242383,0.000192533,0.630332
22.62,nan,nan,-nan,0,0,-0,-0.417878,-1.50134,133.674,-2.20161e-05,-4.52597e-05,0.000144955,-0.000105082,0.000242383,0.000192533,0.630332
22.64,nan,nan,-nan,0,0,-0,-0.417708,-1.50065,133.675,-0.000274364,0.00057922,0.000264817,-5.33737e-05,-0.000133074,4.55442e-05,0.630286
22.66,nan,nan,-nan,0,0,-0,-0.417439,-1.50134,133.674,0.000638974,-0.000581585,-0.000420131,-0.000106467,-4.77194e-05,2.93908e-05,0.6303
22.68,nan,nan,-nan,0,0,-0,-0.417553,-1.501,133.675,-0.000120373,-0.000446393,0.00100289,-0.000106467,-4.77194e-05,2.93908e-05,0.6303
22.7,nan,nan,-nan,0,0,-0,-0.41758,-1.50166,133.674,0.000382173,0.00072132,-0.000355995,-5.96638e-05,-0.000316241,0.000101158,0.630325
22.72,nan,nan,-nan,0,0,-0,-0.417499,-1.4999,133.674,-0.000254116,0.000280108,-0.000175495,-5.96638e-05,-0.000316241,0.000101158,0.630325
22.74,nan,nan,-nan,0,0,-0,-0.416977,-1.50031,133.674,2.55127e-05,0.000456109,-2.44426e-06,-0.000328971,0.000151189,1.44863e-06,0.630293
22.76,nan,nan,-nan,0,0,-0,-0.416282,-1.50005,133.673,-4.97783e-05,-0.00114053,0.000500148,0.000353427,0.000106393,-0.000176395,0.630288
22.78,nan,nan,-nan,0,0,-0,-0.417589,-1.4999,133.673,-0.000924834,0.000664647,-0.00120395,0.000353427,0.000106393,-0.000176395,0.630288
22.8,nan,nan,-nan,0,0,-0,-0.416513,-1.50066,133.673,0.000762965,-7.81161e-05,9.78303e-05,-0.000342608,9.70119e-05,-2.86013e-05,0.630352
22.82,nan,nan,-nan,0,0,-0,-0.416603,-1.49917,133.674,-0.000432629,0.000821769,0.00107695,-0.000255885,-2.68408e-05,2.11289e-05,0.630391
22.84,nan,nan,-nan,0,0,-0,-0.416308,-1.49961,133.674,0.000918295,0.000958158,-0.000276563,-0.000255885,-2.68408e-05,2.11289e-05,0.630391
22.86,nan,nan,-nan,0,0,-0,-0.41592,-1.49845,133.673,-0.00013683,-0.000562029,0.000354731,4.62696e-05,0.000547544,-9.3107e-05,0.630335
22.88,nan,nan,-nan,0,0,-0,-0.415391,-1.49987,133.673,0.000583929,-7.73086e-05,-0.000659239,4.62696e-05,0.000547544,-9.3107e-05,0.630335
22.9,nan,nan,-nan,0,0,-0,-0.415486,-1.49938,133.672,-0.000405454,0.000561562,-0.000323171,0.000335306,-1.22939e-05,-6.12903e-05,0.630411
22.92,nan,nan,-nan,0,0,-0,-0.415891,-1.49914,133.672,1.78707e-05,-4.40897e-06,8.00355e-06,-0.00029622,-0.000211004,-8.53948e-05,0.630436
22.94,nan,nan,-nan,0,0,-0,-0.415367,-1.49929,133.672,0.000524762,0.000154227,0.000484856,-0.00029622,-0.000211004,-8.53948e-05,0.630436
22.96,nan,nan,-nan,0,0,-0,-0.416103,-1.49928,133.672,-0.00115235,-0.000148683,9.89842e-05,-3.40979e-05,1.23959e-06,7.73396e-07,0.63035
22.98,nan,nan,-nan,0,0,-0,-0.416045,-1.50035,133.673,0.00036901,0.000669734,0.000395891,-3.40979e-05,1.23959e-06,7.73396e-07,0.63035
23,nan,nan,-nan,0,0,-0,-0.415422,-1.50062,133.673,0.000616781,-0.000297326,0.000444116,7.39979e-05,0.000180031,-2.16019e-05,0.630329
23.02,nan,nan,-nan,0,0,-0,-0.415195,-1.49982,133.673,-1.85212e-05,-0.000152112,-6.61048e-05,0.000169752,-0.000234691,-8.33628e-05,0.630408
23.04,nan,nan,-nan,0,0,-0,-0.416018,-1.50038,133.673,-0.000557911,-0.00020011,0.000192678,0.000169752,-0.000234691,-8.33628e-05,0.630408
23.06,nan,nan,-nan,0,0,-0,-0.416018,-1.50038,133.673,-0.000557911,-0.00020011,0.000192678,-0.000165266,-0.000197147,1.40488e-06,0.630429
23.08,nan,nan,-nan,0,0,-0,-0.414894,-1.50029,133.672,-4.7008e-05,-8.99023e-05,-0.00147352,0.00019595,-9.10101e-05,0.000137807,0.630276
23.1,nan,nan,-nan,0,0,-0,-0.414891,-1.50092,133.672,0.000604827,0.000619215,-0.000315377,0.00019595,-9.10101e-05,0.000137807,0.630276
23.12,nan,nan,-nan,0,0,-0,-0.414798,-1.50076,133.671,-0.000267866,-0.000537263,-0.000468272,-0.00012944,0.000249072,1.57877e-06,0.630094
23.14,nan,nan,-nan,0,0,-0,-0.415717,-1.50178,133.671,-0.000384331,0.000268661,-0.000183609,-0.00012944,0.000249072,1.57877e-06,0.630094
23.16,nan,nan,-nan,0,0,-0,-0.415851,-1.50149,133.67,-0.000598152,0.000491321,8.70717e-06,-0.000374673,-0.000265998,1.49884e-06,0.630099
23.18,nan,nan,-nan,0,0,-0,-0.416207,-1.50056,133.671,9.95594e-05,0.000973945,0.000712165,-0.000231179,-0.000182531,-3.92853e-05,0.630175
23.2,nan,nan,-nan,0,0,-0,-0.415824,-1.50054,133.671,0.000460507,-0.000203162,0.000158682,-0.000231179,-0.000182531,-3.92853e-05,0.630175
23.22,nan,nan,-nan,0,0,-0,-0.415716,-1.5005,133.67,0.000381191,-0.000395312,-0.000286423,0.000191087,0.000224056,-3.98516e-06,0.630276
23.24,nan,nan,-nan,0,0,-0,-0.41615,-1.50158,133.67,-0.000544451,0.000417305,-0.000612561,0.000191087,0.000224056,-3.98516e-06,0.630276
23.26,nan,nan,-nan,0,0,-0,-0.417005,-1.50034,133.67,-0.00061436,-0.000408398,0.000364646,0.000190976,-0.000309131,1.44756e-06,0.630217
23.28,nan,nan,-nan,0,0,-0,-0.417016,-1.50078,133.67,-0.00015736,0.000338999,0.000104005,0.000111659,-5.04044e-05,0.000171852,0.63025
23.3,nan,nan,-nan,0,0,-0,-0.417473,-1.50002,133.669,-0.00117362,0.000458636,-0.000641436,0.000111659,-5.04044e-05,0.000171852,0.63025
23.32,nan,nan,-nan,0,0,-0,-0.417704,-1.50028,133.668,-0.000161207,-0.000254108,-0.000143409,-0.000400449,0.000583897,4.32737e-05,0.63035
23.34,nan,nan,-nan,0,0,-0,-0.418157,-1.50098,133.667,-0.000296486,-2.52286e-05,-0.000727782,-0.000400449,0.000583897,4.32737e-05,0.63035
23.36,nan,nan,-nan,0,0,-0,-0.417082,-1.50015,133.667,0.00115608,-7.89534e-05,7.67247e-05,-0.000310499,-4.76529e-05,1.25372e-06,0.63052
23.38,nan,nan,-nan,0,0,-0,-0.417714,-1.50066,133.667,-0.000675192,0.000168288,0.000141257,0.000220458,-9.8823e-05,-0.000126464,0.630351
23.4,nan,nan,-nan,0,0,-0,-0.417127,-1.49969,133.667,0.000272281,0.000237121,0.000446305,0.000220458,-9.8823e-05,-0.000126464,0.630351
23.42,nan,nan,-nan,0,0,-0,-0.417381,-1.5011,133.667,-0.000173391,-0.000315187,-0.000101819,2.35619e-05,0.000244982,3.79575e-05,0.630283
23.44,nan,nan,-nan,0,0,-0,-0.416793,-1.50053,133.667,0.000678071,0.00086068,0.000922136,2.35619e-05,0.000244982,3.79575e-05,0.630283
23.46,nan,nan,-nan,0,0,-0,-0.417575,-1.5005,133.668,-0.000390276,-0.000302241,0.000730773,0.000224157,-0.000126145,8.60462e-07,0.630286
23.48,nan,nan,-nan,0,0,-0,-0.417638,-1.50063,133.667,0.000358634,0.000446105,0.000460909,-0.000286249,-0.000318866,-0.000242717,0.63038
23.5,nan,nan,-nan,0,0,-0,-0.41723,-1.4998,133.667,-0.000364482,-0.000204724,-8.3223e-06,-0.000286249,-0.000318866,-0.000242717,0.63038
23.52,nan,nan,-nan,0,0,-0,-0.418316,-1.50009,133.667,-0.000556584,0.000948536,0.000749337,0.000332229,-0.0002021,6.76031e-06,0.630386
23.54,nan,nan,-nan,0,0,-0,-0.41789,-1.49995,133.667,-0.000102335,-0.000800038,0.000173551,-1.12228e-07,3.96481e-05,1.22888e-06,0.630305
23.56,nan,nan,-nan,0,0,-0,-0.417594,-1.50128,133.667,0.000698409,-0.000198997,-0.000172514,-1.12228e-07,3.96481e-05,1.22888e-06,0.630305
23.58,nan,nan,-nan,0,0,-0,-0.417125,-1.50118,133.666,6.58454e-05,-0.000701858,0.00012097,0.000137761,0.000137632,3.00426e-05,0.630398
23.6,nan,nan,-nan,0,0,-0,-0.416747,-1.50131,133.666,0.00029993,-0.000417219,0.000112244,0.000137761,0.000137632,3.00426e-05,0.630398
23.62,nan,nan,-nan,0,0,-0,-0.416441,-1.50568,133.667,0.00027406,-0.00488248,0.00125386,0.000281304,0.000641388,7.23055e-05,0.630454
23.64,nan,nan,-nan,0,0,-0,-0.416113,-1.50747,133.667,-0.000330478,-0.00506813,0.000713668,6.51396e-05,0.000607653,7.80714e-05,0.630483
23.66,nan,nan,-nan,0,0,-0,-0.415675,-1.51082,133.667,-0.000271793,-0.000288704,-0.000166715,6.51396e-05,0.000607653,7.80714e-05,0.630483
23.68,nan,nan,-nan,0,0,-0,-0.415831,-1.50968,133.667,-0.000485835,1.43278e-05,0.000701154,0.000102206,-4.64847e-05,-0.000253295,0.630417
23.7,nan,nan,-nan,0,0,-0,-0.416226,-1.50954,133.668,-0.000193623,0.000363242,0.00101777,0.000102206,-4.64847e-05,-0.000253295,0.630417
23.72,nan,nan,-nan,0,0,-0,-0.415753,-1.51012,133.668,0.000234537,-0.000934065,3.84848e-05,-2.34398e-05,0.000437987,-4.75153e-05,0.630427
23.74,nan,nan,-nan,0,0,-0,-0.41573,-1.50996,133.668,0.000654895,0.000189086,-0.00025355,-0.000257223,0.000199734,-9.88328e-05,0.630441
23.76,nan,nan,-nan,0,0,-0,-0.414288,-1.51108,133.667,0.000931774,-0.000509142,0.000109732,-0.000257223,0.000199734,-9.88328e-05,0.630441
23.78,nan,nan,-nan,0,0,-0,-0.414068,-1.51029,133.667,0.000277444,-0.00093676,-0.000342041,0.00014178,0.000435512,-1.25405e-05,0.630461
23.8,nan,nan,-nan,0,0,-0,-0.414473,-1.51159,133.667,-0.000496827,-0.000188187,-0.000178681,0.00014178,0.000435512,-1.25405e-05,0.630461
23.82,nan,nan,-nan,0,0,-0,-0.413698,-1.51104,133.667,0.000496652,-0.00102612,0.000403714,-0.000472693,0.000247792,5.27289e-06,0.63042
23.84,nan,nan,-nan,0,0,-0,-0.413969,-1.51202,133.666,-0.000187701,-2.06102e-05,-0.000564614,7.80705e-05,-0.000165292,-0.000110435,0.630309
23.86,nan,nan,-nan,0,0,-0,-0.413633,-1.51206,133.666,0.000761006,-0.000554946,0.000199805,7.80705e-05,-0.000165292,-0.000110435,0.630309
23.88,nan,nan,-nan,0,0,-0,-0.413667,-1.50943,133.665,-0.000212482,0.002295,-0.000655647,0.000290935,-0.000726961,9.84151e-05,0.630317
23.9,nan,nan,-nan,0,0,-0,-0.413921,-1.51024,133.665,-0.000715072,0.000234461,0.000271788,-0.000231234,1.36457e-05,6.41169e-05,0.630313
23.92,nan,nan,-nan,0,0,-0,-0.413939,-1.50964,133.665,0.000418651,-0.000855133,-0.000403045,-0.000231234,1.36457e-05,6.41169e-05,0.630313
23.94,nan,nan,-nan,0,0,-0,-0.413584,-1.51181,133.665,0.000342034,-0.00089191,0.000233522,2.97426e-05,-0.000763514,2.32875e-05,0.630246
23.96,nan,nan,-nan,0,0,-0,-0.413668,-1.50991,133.664,-1.41054e-05,4.25336e-05,0.000334136,2.97426e-05,-0.000763514,2.32875e-05,0.630246
23.98,nan,nan,-nan,0,0,-0,-0.413385,-1.51035,133.664,0.000426538,5.93745e-05,0.000135332,-0.000181826,8.76903e-05,0.000163964,0.630228
24,nan,nan,-nan,0,0,-0,-0.413034,-1.5111,133.665,0.000222101,-0.00139152,0.00073788,0.000457268,-0.000193119,1.50296e-06,0.630171
24.02,nan,nan,-nan,0,0,-0,-0.413811,-1.50969,133.664,-0.000465302,0.000719438,-0.000625125,0.000457268,-0.000193119,1.50296e-06,0.630171
24.04,nan,nan,-nan,0,0,-0,-0.413333,-1.50998,133.664,0.00068168,0.000593509,0.000445409,-5.02463e-05,7.39209e-05,0.000106076,0.630173
24.06,nan,nan,-nan,0,0,-0,-0.413248,-1.50958,133.664,-1.57913e-05,-1.21924e-05,-0.000111552,-5.02463e-05,7.39209e-05,0.000106076,0.630173
24.08,nan,nan,-nan,0,0,-0,-0.413529,-1.51028,133.664,-0.000254759,0.000286948,-0.000434907,5.51836e-05,-0.000121135,8.48169e-05,0.630157
24.1,nan,nan,-nan,0,0,-0,-0.412574,-1.50916,133.664,0.000271017,0.000221007,0.000105542,3.26082e-05,0.000394011,7.54418e-05,0.630158
24.12,nan,nan,-nan,0,0,-0,-0.412641,-1.51053,133.664,0.000199897,0.000312275,0.000198846,3.26082e-05,0.000394011,7.54418e-05,0.630158
24.14,nan,nan,-nan,0,0,-0,-0.412762,-1.50943,133.663,-0.000396475,0.000557275,-0.000150796,-8.55977e-05,0.000167953,1.43344e-06,0.63007
24.16,nan,nan,-nan,0,0,-0,-0.412936,-1.50879,133.662,-0.000169349,0.000648818,-0.000773228,-8.55977e-05,0.000167953,1.43344e-06,0.63007
24.18,nan,nan,-nan,0,0,-0,-0.413896,-1.50897,133.662,-0.000540501,0.000581832,-0.000193495,-7.54689e-06,-0.000352314,8.81592e-05,0.630168
24.2,nan,nan,-nan,0,0,-0,-0.413161,-1.50756,133.661,0.000687022,0.000170726,0.000343013,0.000411774,0.000110607,9.46754e-05,0.630135
24.22,nan,nan,-nan,0,0,-0,-0.413852,-1.50769,133.661,-0.000785476,0.000580006,-0.000191604,0.000411774,0.000110607,9.46754e-05,0.630135
24.24,nan,nan,-nan,0,0,-0,-0.413571,-1.50756,133.662,3.06032e-05,-4.59538e-05,0.000778774,0.000190489,-0.000286782,5.98535e-05,0.630155
24.26,nan,nan,-nan,0,0,-0,-0.414282,-1.50769,133.662,-0.00047507,0.000229176,-0.000431849,0.000190489,-0.000286782,5.98535e-05,0.630155
24.28,nan,nan,-nan,0,0,-0,-0.414565,-1.50824,133.662,-2.82589e-05,-0.000241561,0.000744802,-0.000241846,-0.000107254,-0.000300746,0.630213
24.3,nan,nan,-nan,0,0,-0,-0.414266,-1.50816,133.663,-0.000203073,-0.000769983,0.000433517,-5.63587e-05,0.000172617,-1.17956e-06,0.630302
24.32,nan,nan,-nan,0,0,-0,-0.413432,-1.50725,133.663,0.000665531,-0.000291575,0.00146883,-5.63587e-05,0.000172617,-1.17956e-06,0.630302
24.34,nan,nan,-nan,0,0,-0,-0.41363,-1.50862,133.664,0.000871202,0.000184652,-0.000416215,0.000252444,0.000150741,1.17915e-06,0.630392
24.36,nan,nan,-nan,0,0,-0,-0.413138,-1.50762,133.664,-0.000166664,1.34727e-05,4.87089e-05,0.000362148,0.000151003,-7.20402e-05,0.630375
24.38,nan,nan,-nan,0,0,-0,-0.413808,-1.50739,133.663,-0.0010154,-0.000128885,-0.000113162,0.000362148,0.000151003,-7.20402e-05,0.630375
24.4,nan,nan,-nan,0,0,-0,-0.413701,-1.50781,133.663,1.76498e-05,-0.000204907,-0.000443635,-0.000157425,2.11985e-05,1.88026e-06,0.630332
24.42,nan,nan,-nan,0,0,-0,-0.413813,-1.50812,133.663,-0.000141656,-0.000446511,-3.52983e-05,-0.000157425,2.11985e-05,1.88026e-06,0.630332
24.44,nan,nan,-nan,0,0,-0,-0.414028,-1.50917,133.663,8.67944e-05,-0.000742577,0.000136679,-4.0707e-05,0.000194832,1.6358e-06,0.630328
24.46,nan,nan,-nan,0,0,-0,-0.413231,-1.50907,133.662,0.000888279,-0.000162685,-0.000489747,-0.000234876,-0.000132812,-8.51746e-05,0.630336
24.48,nan,nan,-nan,0,0,-0,-0.413199,-1.51061,133.662,0.00042637,-0.000156722,-7.35095e-05,-0.000234876,-0.000132812,-8.51746e-05,0.630336
24.5,nan,nan,-nan,0,0,-0,-0.413451,-1.5095,133.662,-0.00052501,-0.000185467,-0.000564126,0.000218632,-0.000150252,1.77117e-06,0.630296
24.52,nan,nan,-nan,0,0,-0,-0.413295,-1.51079,133.662,1.01076e-05,0.000301655,-9.27595e-05