0,2.5,2.50761,0.490536
10,2.502,2.50761,0.490536
20,2.504,2.50831,0.490536
30,2.506,2.50831,0.490536
40,2.508,2.50831,0.490536
50,2.51,2.50889,0.485835
60,2.512,2.50889,0.485835
70,2.514,2.50889,0.485835
80,2.516,2.50942,0.485835
90,2.518,2.50942,0.485835
100,2.52,2.50942,0.485835
110,2.522,2.50987,0.485835
120,2.524,2.50987,0.485835
130,2.526,2.50987,0.485835
140,2.528,2.50987,0.491099
150,2.53,2.51025,0.491099
160,2.53199,2.51025,0.491099
170,2.53399,2.51025,0.491099
180,2.53599,2.51066,0.491099
190,2.53799,2.51066,0.491099
200,2.53999,2.51066,0.491099
210,2.54199,2.51116,0.491099
220,2.54399,2.51116,0.491099
230,2.54598,2.51116,0.491099
240,2.54798,2.51159,0.49408
250,2.54998,2.51159,0.49408
260,2.55198,2.51159,0.49408
270,2.55397,2.51209,0.49408
280,2.55597,2.51209,0.49408
290,2.55797,2.51209,0.49408
300,2.55996,2.51209,0.49408
310,2.56196,2.51267,0.49408
320,2.56396,2.51267,0.49408
330,2.56595,2.51267,0.49408
340,2.56795,2.51331,0.496486
350,2.56994,2.51331,0.496486
360,2.57194,2.51331,0.496486
370,2.57393,2.51406,0.496486
380,2.57593,2.51406,0.496486
390,2.57792,2.51406,0.496486
400,2.57991,2.51406,0.496486
410,2.58191,2.51511,0.496486
420,2.5839,2.51511,0.496486
430,2.58589,2.51511,0.496486
440,2.58789,2.51607,0.498079
450,2.58988,2.51607,0.498079
460,2.59187,2.51607,0.498079
470,2.59386,2.51715,0.498079
480,2.59585,2.51715,0.498079
490,2.59784,2.51715,0.498079
500,2.59983,2.51831,0.498079
510,2.60182,2.51831,0.498079
520,2.60381,2.51831,0.498079
530,2.6058,2.51831,0.498079
540,2.60779,2.51991,0.498839
550,2.60978,2.51991,0.498839
560,2.61177,2.51991,0.498839
570,2.61375,2.52094,0.498839
580,2.61574,2.52094,0.498839
590,2.61773,2.52094,0.498839
600,2.61971,2.52281,0.498839
610,2.6217,2.52281,0.498839
620,2.62368,2.52281,0.498839
630,2.62567,2.52441,0.499045
640,2.62765,2.52441,0.499045
650,2.62963,2.52441,0.499045
660,2.63162,2.5261,0.499045
670,2.6336,2.5261,0.499045
680,2.63558,2.5261,0.499045
690,2.63756,2.5261,0.499045
700,2.63954,2.52792,0.499045
710,2.64152,2.52792,0.499045
720,2.6435,2.52792,0.499045
730,2.64548,2.53043,0.498748
740,2.64746,2.53043,0.498748
750,2.64944,2.53043,0.498748
760,2.65142,2.53199,0.498748
770,2.65339,2.53199,0.498748
780,2.65537,2.53199,0.498748
790,2.65734,2.53199,0.498748
800,2.65932,2.53478,0.498748
810,2.66129,2.53478,0.498748
820,2.66327,2.53478,0.498748
830,2.66524,2.53715,0.498949
840,2.66721,2.53715,0.498949
850,2.66918,2.53715,0.498949
860,2.67115,2.53961,0.498949
870,2.67312,2.53961,0.498949
880,2.67509,2.53961,0.498949
890,2.67706,2.5422,0.498949
900,2.67903,2.5422,0.498949
910,2.681,2.5422,0.498949
920,2.68296,2.54491,0.498531
930,2.68493,2.54491,0.498531
940,2.68689,2.54491,0.498531
950,2.68886,2.54491,0.498531
960,2.69082,2.54778,0.498531
970,2.69279,2.54778,0.498531
980,2.69475,2.54778,0.498531
990,2.69671,2.55163,0.498531
1000,2.69867,2.55163,0.498531
1010,2.70063,2.55163,0.498531
1020,2.70259,2.55489,0.498059
1030,2.70455,2.55489,0.498059
1040,2.7065,2.55489,0.498059
1050,2.70846,2.55827,0.498059
1060,2.71042,2.55827,0.498059
1070,2.71237,2.55827,0.498059
1080,2.71432,2.55827,0.498059
1090,2.71628,2.56182,0.498059
1100,2.71823,2.56182,0.498059
1110,2.72018,2.56182,0.498059
1120,2.72213,2.56549,0.497223
1130,2.72408,2.56549,0.497223
1140,2.72603,2.56549,0.497223
1150,2.72798,2.5693,0.497223
1160,2.72992,2.5693,0.497223
1170,2.73187,2.5693,0.497223
1180,2.73382,2.57423,0.497223
1190,2.73576,2.57423,0.497223
1200,2.7377,2.57423,0.497223
1210,2.73964,2.57423,0.497223
1220,2.74159,2.57833,0.496597
1230,2.74353,2.57833,0.496597
1240,2.74547,2.57833,0.496597
1250,2.7474,2.58257,0.496597
1260,2.74934,2.58257,0.496597
1270,2.75128,2.58257,0.496597
1280,2.75321,2.58696,0.496597
1290,2.75515,2.58696,0.496597
1300,2.75708,2.58696,0.496597
1310,2.75901,2.59147,0.496091
1320,2.76094,2.59147,0.496091
1330,2.76287,2.59147,0.496091
1340,2.7648,2.59612,0.496091
1350,2.76673,2.59612,0.496091
1360,2.76866,2.59612,0.496091
1370,2.77058,2.59612,0.496091
1380,2.77251,2.60207,0.496091
1390,2.77443,2.60207,0.496091
1400,2.77636,2.60207,0.496091
1410,2.77828,2.60698,0.495133
1420,2.7802,2.60698,0.495133
1430,2.78212,2.60698,0.495133
1440,2.78404,2.61204,0.495133
1450,2.78595,2.61204,0.495133
1460,2.78787,2.61204,0.495133
1470,2.78978,2.61204,0.495133
1480,2.7917,2.6172,0.495133
1490,2.79361,2.6172,0.495133
1500,2.79552,2.6172,0.495133
1510,2.79743,2.62249,0.493935
1520,2.79934,2.62249,0.493935
1530,2.80125,2.62249,0.493935
1540,2.80315,2.62789,0.493935
1550,2.80506,2.62789,0.493935
1560,2.80696,2.62789,0.493935
1570,2.80887,2.63467,0.493935
1580,2.81077,2.63467,0.493935
1590,2.81267,2.63467,0.493935
1600,2.81457,2.64015,0.493297
1610,2.81646,2.64015,0.493297
1620,2.81836,2.64015,0.493297
1630,2.82026,2.64015,0.493297
1640,2.82215,2.64573,0.493297
1650,2.82404,2.64573,0.493297
1660,2.82593,2.64573,0.493297
1670,2.82782,2.65137,0.493297
1680,2.82971,2.65137,0.493297
1690,2.8316,2.65137,0.493297
1700,2.83349,2.65709,0.492194
1710,2.83537,2.65709,0.492194
1720,2.83726,2.65709,0.492194
1730,2.83914,2.6629,0.492194
1740,2.84102,2.6629,0.492194
1750,2.8429,2.6629,0.492194
1760,2.84478,2.6629,0.492194
1770,2.84665,2.67021,0.492194
1780,2.84853,2.67021,0.492194
1790,2.8504,2.67021,0.492194
1800,2.85227,2.67609,0.491865
1810,2.85415,2.67609,0.491865
1820,2.85601,2.67609,0.491865
1830,2.85788,2.68198,0.491865
1840,2.85975,2.68198,0.491865
1850,2.86162,2.68198,0.491865
1860,2.86348,2.68791,0.491865
1870,2.86534,2.68791,0.491865
1880,2.8672,2.68791,0.491865
1890,2.86906,2.68791,0.491865
1900,2.87092,2.69393,0.490976
1910,2.87278,2.69393,0.490976
1920,2.87463,2.69393,0.490976
1930,2.87649,2.7,0.490976
1940,2.87834,2.7,0.490976
1950,2.88019,2.7,0.490976
1960,2.88204,2.70761,0.490976
1970,2.88388,2.70761,0.490976
1980,2.88573,2.70761,0.490976
1990,2.88758,2.71373,0.490509
2000,2.88942,2.71373,0.490509
2010,2.89126,2.71373,0.490509
2020,2.8931,2.71373,0.490509
2030,2.89494,2.71989,0.490509
2040,2.89677,2.71989,0.490509
2050,2.89861,2.71989,0.490509
2060,2.90044,2.72606,0.490509
2070,2.90227,2.72606,0.490509
2080,2.9041,2.72606,0.490509
2090,2.90593,2.73227,0.490454
2100,2.90776,2.73227,0.490454
2110,2.90959,2.73227,0.490454
2120,2.91141,2.73848,0.490454
2130,2.91323,2.73848,0.490454
2140,2.91505,2.73848,0.490454
2150,2.91687,2.73848,0.490454
2160,2.91869,2.74621,0.490454
2170,2.9205,2.74621,0.490454
2180,2.92232,2.74621,0.490454
2190,2.92413,2.75241,0.490027
2200,2.92594,2.75241,0.490027
2210,2.92775,2.75241,0.490027
2220,2.92955,2.75864,0.490027
2230,2.93136,2.75864,0.490027
2240,2.93316,2.75864,0.490027
2250,2.93497,2.75864,0.490027
2260,2.93677,2.76487,0.490027
2270,2.93856,2.76487,0.490027
2280,2.94036,2.76487,0.490027
2290,2.94216,2.77111,0.489488
2300,2.94395,2.77111,0.489488
2310,2.94574,2.77111,0.489488
2320,2.94753,2.77732,0.489488
2330,2.94932,2.77732,0.489488
2340,2.9511,2.77732,0.489488
2350,2.95289,2.78505,0.489488
2360,2.95467,2.78505,0.489488
2370,2.95645,2.78505,0.489488
2380,2.95823,2.79119,0.489514
2390,2.96,2.79119,0.489514
2400,2.96178,2.79119,0.489514
2410,2.96355,2.79731,0.489514
2420,2.96532,2.79731,0.489514
2430,2.96709,2.79731,0.489514
2440,2.96886,2.79731,0.489514
2450,2.97063,2.80344,0.489514
2460,2.97239,2.80344,0.489514
2470,2.97415,2.80344,0.489514
2480,2.97591,2.80956,0.489476
2490,2.97767,2.80956,0.489476
2500,2.97943,2.80956,0.489476
2510,2.98118,2.81564,0.489476
2520,2.98293,2.81564,0.489476
2530,2.98468,2.81564,0.489476
2540,2.98643,2.82318,0.489476
2550,2.98818,2.82318,0.489476
2560,2.98992,2.82318,0.489476
2570,2.99166,2.82318,0.489476
2580,2.9934,2.82922,0.489373
2590,2.99514,2.82922,0.489373
2600,2.99688,2.82922,0.489373
2610,2.99861,2.83521,0.489373
2620,3.00035,2.83521,0.489373
2630,3.00208,2.83521,0.489373
2640,3.00381,2.84116,0.489373
2650,3.00553,2.84116,0.489373
2660,3.00726,2.84116,0.489373
2670,3.00898,2.84711,0.489591
2680,3.0107,2.84711,0.489591
2690,3.01242,2.84711,0.489591
2700,3.01414,2.85307,0.489591
2710,3.01585,2.85307,0.489591
2720,3.01756,2.85307,0.489591
2730,3.01927,2.85307,0.489591
2740,3.02098,2.86055,0.489591
2750,3.02269,2.86055,0.489591
2760,3.02439,2.86055,0.489591
2770,3.02609,2.86648,0.48936
2780,3.02779,2.86648,0.48936
2790,3.02949,2.86648,0.48936
2800,3.03119,2.87235,0.48936
2810,3.03288,2.87235,0.48936
2820,3.03457,2.87235,0.48936
2830,3.03626,2.87817,0.48936
2840,3.03795,2.87817,0.48936
2850,3.03963,2.87817,0.48936
2860,3.04131,2.88394,0.489294
2870,3.043,2.88394,0.489294
2880,3.04467,2.88394,0.489294
2890,3.04635,2.88971,0.489294
2900,3.04802,2.88971,0.489294
2910,3.0497,2.88971,0.489294
2920,3.05137,2.88971,0.489294
2930,3.05303,2.89693,0.489294
2940,3.0547,2.89693,0.489294
2950,3.05636,2.89693,0.489294
2960,3.05802,2.90267,0.48959
2970,3.05968,2.90267,0.48959
2980,3.06134,2.90267,0.48959
2990,3.06299,2.90834,0.48959
3000,3.06464,2.90834,0.48959
3010,3.06629,2.90834,0.48959
3020,3.06794,2.90834,0.48959
3030,3.06958,2.91398,0.48959
3040,3.07123,2.91398,0.48959
3050,3.07287,2.91398,0.48959
3060,3.07451,2.91959,0.48953
3070,3.07614,2.91959,0.48953
3080,3.07778,2.91959,0.48953
3090,3.07941,2.92517,0.48953
3100,3.08104,2.92517,0.48953
3110,3.08266,2.92517,0.48953
3120,3.08429,2.9321,0.48953
3130,3.08591,2.9321,0.48953
3140,3.08753,2.9321,0.48953
3150,3.08914,2.93762,0.48953
3160,3.09076,2.93762,0.48953
3170,3.09237,2.93762,0.48953
3180,3.09398,2.94313,0.48953
3190,3.09559,2.94313,0.48953
3200,3.0972,2.94313,0.48953
3210,3.0988,2.94313,0.48953
3220,3.1004,2.94861,0.48953
3230,3.102,2.94861,0.48953
3240,3.10359,2.94861,0.48953
3250,3.10519,2.95408,0.489593
3260,3.10678,2.95408,0.489593
3270,3.10837,2.95408,0.489593
3280,3.10995,2.95949,0.489593
3290,3.11154,2.95949,0.489593
3300,3.11312,2.95949,0.489593
3310,3.1147,2.95949,0.489593
3320,3.11627,2.96619,0.489593
3330,3.11785,2.96619,0.489593
3340,3.11942,2.96619,0.489593
3350,3.12099,2.97151,0.489764
3360,3.12255,2.97151,0.489764
3370,3.12412,2.97151,0.489764
3380,3.12568,2.97681,0.489764
3390,3.12724,2.97681,0.489764
3400,3.12879,2.97681,0.489764
3410,3.13035,2.98211,0.489764
3420,3.1319,2.98211,0.489764
3430,3.13345,2.98211,0.489764
3440,3.13499,2.98739,0.489821
3450,3.13654,2.98739,0.489821
3460,3.13808,2.98739,0.489821
3470,3.13962,2.98739,0.489821
3480,3.14115,2.99263,0.489821
3490,3.14269,2.99263,0.489821
3500,3.14422,2.99263,0.489821
3510,3.14575,2.99915,0.489821
3520,3.14727,2.99915,0.489821
3530,3.1488,2.99915,0.489821
3540,3.15032,3.00435,0.489947
3550,3.15183,3.00435,0.489947
3560,3.15335,3.00435,0.489947
3570,3.15486,3.00953,0.489947
3580,3.15637,3.00953,0.489947
3590,3.15788,3.00953,0.489947
3600,3.15938,3.00953,0.489947
3610,3.16089,3.01469,0.489947
3620,3.16239,3.01469,0.489947
3630,3.16388,3.01469,0.489947
3640,3.16538,3.01982,0.48966
3650,3.16687,3.01982,0.48966
3660,3.16836,3.01982,0.48966
3670,3.16985,3.0249,0.48966
3680,3.17133,3.0249,0.48966
3690,3.17281,3.0249,0.48966
3700,3.17429,3.0249,0.48966
3710,3.17576,3.03122,0.48966
3720,3.17724,3.03122,0.48966
3730,3.17871,3.03122,0.48966
3740,3.18017,3.03623,0.490004
3750,3.18164,3.03623,0.490004
3760,3.1831,3.03623,0.490004
3770,3.18456,3.04123,0.490004
3780,3.18602,3.04123,0.490004
3790,3.18747,3.04123,0.490004
3800,3.18892,3.04622,0.490004
3810,3.19037,3.04622,0.490004
3820,3.19182,3.04622,0.490004
3830,3.19326,3.05117,0.490153
3840,3.1947,3.05117,0.490153
3850,3.19614,3.05117,0.490153
3860,3.19757,3.0561,0.490153
3870,3.199,3.0561,0.490153
3880,3.20043,3.0561,0.490153
3890,3.20186,3.0561,0.490153
3900,3.20328,3.06222,0.490153
3910,3.2047,3.06222,0.490153
3920,3.20612,3.06222,0.490153
3930,3.20753,3.06713,0.489881
3940,3.20894,3.06713,0.489881
3950,3.21035,3.06713,0.489881
3960,3.21176,3.07204,0.489881
3970,3.21316,3.07204,0.489881
3980,3.21456,3.07204,0.489881
3990,3.21596,3.07698,0.489881
4000,3.21736,3.07698,0.489881
4010,3.21875,3.07698,0.489881
4020,3.22014,3.07698,0.489881
4030,3.22152,3.08191,0.489508
4040,3.22291,3.08191,0.489508
4050,3.22429,3.08191,0.489508
4060,3.22566,3.08681,0.489508
4070,3.22704,3.08681,0.489508
4080,3.22841,3.08681,0.489508
4090,3.22978,3.09283,0.489508
4100,3.23115,3.09283,0.489508
4110,3.23251,3.09283,0.489508
4120,3.23387,3.09759,0.489416
4130,3.23523,3.09759,0.489416
4140,3.23658,3.09759,0.489416
4150,3.23793,3.10236,0.489416
4160,3.23928,3.10236,0.489416
4170,3.24062,3.10236,0.489416
4180,3.24197,3.10236,0.489416
4190,3.24331,3.10707,0.489416
4200,3.24464,3.10707,0.489416
4210,3.24598,3.10707,0.489416
4220,3.24731,3.10707,0.489416
4230,3.24863,3.11174,0.490038
4240,3.24996,3.11174,0.490038
4250,3.25128,3.11174,0.490038
4260,3.2526,3.11174,0.490038
4270,3.25391,3.11636,0.490038
4280,3.25523,3.11636,0.490038
4290,3.25654,3.11636,0.490038
4300,3.25784,3.1221,0.490038
4310,3.25915,3.1221,0.490038
4320,3.26045,3.1221,0.490038
4330,3.26174,3.12666,0.489945
4340,3.26304,3.12666,0.489945
4350,3.26433,3.12666,0.489945
4360,3.26562,3.13124,0.489945
4370,3.2669,3.13124,0.489945
4380,3.26818,3.13124,0.489945
4390,3.26946,3.13124,0.489945
4400,3.27074,3.13578,0.489945
4410,3.27201,3.13578,0.489945
4420,3.27328,3.13578,0.489945
4430,3.27455,3.14144,0.489964
4440,3.27581,3.14144,0.489964
4450,3.27707,3.14144,0.489964
4460,3.27833,3.1448,0.489964
4470,3.27958,3.1448,0.489964
4480,3.28083,3.1448,0.489964
4490,3.28208,3.1448,0.489964
4500,3.28333,3.15034,0.489964
4510,3.28457,3.15034,0.489964
4520,3.28581,3.15034,0.489964
4530,3.28704,3.15476,0.490139
4540,3.28827,3.15476,0.490139
4550,3.2895,3.15476,0.490139
4560,3.29073,3.15913,0.490139
4570,3.29195,3.15913,0.490139
4580,3.29317,3.15913,0.490139
4590,3.29439,3.16346,0.490139
4600,3.2956,3.16346,0.490139
4610,3.29681,3.16346,0.490139
4620,3.29802,3.16775,0.49007
4630,3.29922,3.16775,0.49007
4640,3.30042,3.16775,0.49007
4650,3.30162,3.16775,0.49007
4660,3.30281,3.17201,0.49007
4670,3.304,3.17201,0.49007
4680,3.30519,3.17201,0.49007
4690,3.30638,3.17731,0.49007
4700,3.30756,3.17731,0.49007
4710,3.30874,3.17731,0.49007
4720,3.30991,3.1815,0.490088
4730,3.31108,3.1815,0.490088
4740,3.31225,3.1815,0.490088
4750,3.31342,3.1857,0.490088
4760,3.31458,3.1857,0.490088
4770,3.31574,3.1857,0.490088
4780,3.31689,3.1857,0.490088
4790,3.31804,3.18993,0.490088
4800,3.31919,3.18993,0.490088
4810,3.32034,3.18993,0.490088
4820,3.32148,3.19416,0.489726
4830,3.32262,3.19416,0.489726
4840,3.32375,3.19416,0.489726
4850,3.32489,3.19837,0.489726
4860,3.32601,3.19837,0.489726
4870,3.32714,3.19837,0.489726
4880,3.32826,3.20365,0.489726
4890,3.32938,3.20365,0.489726
4900,3.3305,3.20365,0.489726
4910,3.33161,3.20365,0.489726
4920,3.33272,3.2079,0.489304
4930,3.33382,3.2079,0.489304
4940,3.33493,3.2079,0.489304
4950,3.33603,3.21215,0.489304
4960,3.33712,3.21215,0.489304
4970,3.33821,3.21215,0.489304
4980,3.3393,3.21637,0.489304
4990,3.34039,3.21637,0.489304
5000,3.34147,3.21637,0.489304
5010,3.34255,3.22052,0.489181
5020,3.34363,3.22052,0.489181
5030,3.3447,3.22052,0.489181
5040,3.34577,3.22463,0.489181
5050,3.34683,3.22463,0.489181
5060,3.34789,3.22463,0.489181
5070,3.34895,3.22463,0.489181
5080,3.35001,3.22968,0.489181
5090,3.35106,3.22968,0.489181
5100,3.35211,3.22968,0.489181
5110,3.35315,3.23363,0.489751
5120,3.35419,3.23363,0.489751
5130,3.35523,3.23363,0.489751
5140,3.35627,3.23755,0.489751
5150,3.3573,3.23755,0.489751
5160,3.35833,3.23755,0.489751
5170,3.35935,3.24145,0.489751
5180,3.36037,3.24145,0.489751
5190,3.36139,3.24145,0.489751
5200,3.3624,3.24145,0.489751
5210,3.36342,3.2453,0.490045
5220,3.36442,3.2453,0.490045
5230,3.36543,3.2453,0.490045
5240,3.36643,3.24912,0.490045
5250,3.36742,3.24912,0.490045
5260,3.36842,3.24912,0.490045
5270,3.36941,3.25386,0.490045
5280,3.37039,3.25386,0.490045
5290,3.37138,3.25386,0.490045
5300,3.37236,3.25768,0.489931
5310,3.37333,3.25768,0.489931
5320,3.3743,3.25768,0.489931
5330,3.37527,3.26152,0.489931
5340,3.37624,3.26152,0.489931
5350,3.3772,3.26152,0.489931
5360,3.37816,3.26152,0.489931
5370,3.37911,3.26529,0.489931
5380,3.38007,3.26529,0.489931
5390,3.38101,3.26529,0.489931
5400,3.38196,3.26901,0.489956
5410,3.3829,3.26901,0.489956
5420,3.38384,3.26901,0.489956
5430,3.38477,3.27264,0.489956
5440,3.3857,3.27264,0.489956
5450,3.38663,3.27264,0.489956
5460,3.38755,3.27264,0.489956
5470,3.38847,3.27711,0.489956
5480,3.38939,3.27711,0.489956
5490,3.3903,3.27711,0.489956
5500,3.39121,3.28067,0.490259
5510,3.39211,3.28067,0.490259
5520,3.39301,3.28067,0.490259
5530,3.39391,3.28425,0.490259
5540,3.39481,3.28425,0.490259
5550,3.3957,3.28425,0.490259
5560,3.39659,3.28785,0.490259
5570,3.39747,3.28785,0.490259
5580,3.39835,3.28785,0.490259
5590,3.39923,3.29146,0.489845
5600,3.4001,3.29146,0.489845
5610,3.40097,3.29146,0.489845
5620,3.40184,3.29505,0.489845
5630,3.4027,3.29505,0.489845
5640,3.40356,3.29505,0.489845
5650,3.40441,3.29505,0.489845
5660,3.40526,3.29949,0.489845
5670,3.40611,3.29949,0.489845
5680,3.40696,3.29949,0.489845
5690,3.4078,3.30301,0.48989
5700,3.40863,3.30301,0.48989
5710,3.40947,3.30301,0.48989
5720,3.4103,3.3065,0.48989
5730,3.41112,3.3065,0.48989
5740,3.41195,3.3065,0.48989
5750,3.41276,3.3065,0.48989
5760,3.41358,3.30999,0.48989
5770,3.41439,3.30999,0.48989
5780,3.4152,3.30999,0.48989
5790,3.416,3.31348,0.489721
5800,3.4168,3.31348,0.489721
5810,3.4176,3.31348,0.489721
5820,3.41839,3.31695,0.489721
5830,3.41918,3.31695,0.489721
5840,3.41997,3.31695,0.489721
5850,3.42075,3.32126,0.489721
5860,3.42153,3.32126,0.489721
5870,3.4223,3.32126,0.489721
5880,3.42307,3.32468,0.489422
5890,3.42384,3.32468,0.489422
5900,3.42461,3.32468,0.489422
5910,3.42537,3.32805,0.489422
5920,3.42612,3.32805,0.489422
5930,3.42687,3.32805,0.489422
5940,3.42762,3.32805,0.489422
5950,3.42837,3.33138,0.489422
5960,3.42911,3.33138,0.489422
5970,3.42985,3.33138,0.489422
5980,3.43058,3.33465,0.489373
5990,3.43131,3.33465,0.489373
6000,3.43204,3.33465,0.489373
6010,3.43276,3.33786,0.489373
6020,3.43348,3.33786,0.489373
6030,3.4342,3.33786,0.489373
6040,3.43491,3.33786,0.489373
6050,3.43562,3.34184,0.489373
6060,3.43632,3.34184,0.489373
6070,3.43702,3.34184,0.489373
6080,3.43772,3.345,0.489469
6090,3.43841,3.345,0.489469
6100,3.4391,3.345,0.489469
6110,3.43978,3.34813,0.489469
6120,3.44047,3.34813,0.489469
6130,3.44114,3.34813,0.489469
6140,3.44182,3.35123,0.489469
6150,3.44249,3.35123,0.489469
6160,3.44316,3.35123,0.489469
6170,3.44382,3.35432,0.489525
6180,3.44448,3.35432,0.489525
6190,3.44513,3.35432,0.489525
6200,3.44578,3.35737,0.489525
6210,3.44643,3.35737,0.489525
6220,3.44708,3.35737,0.489525
6230,3.44772,3.35737,0.489525
6240,3.44835,3.36118,0.489525
6250,3.44898,3.36118,0.489525
6260,3.44961,3.36118,0.489525
6270,3.45024,3.36421,0.489238
6280,3.45086,3.36421,0.489238
6290,3.45148,3.36421,0.489238
6300,3.45209,3.36722,0.489238
6310,3.4527,3.36722,0.489238
6320,3.45331,3.36722,0.489238
6330,3.45391,3.36722,0.489238
6340,3.45451,3.37018,0.489238
6350,3.4551,3.37018,0.489238
6360,3.45569,3.37018,0.489238
6370,3.45628,3.37385,0.489222
6380,3.45686,3.37385,0.489222
6390,3.45744,3.37385,0.489222
6400,3.45802,3.37603,0.489222
6410,3.45859,3.37603,0.489222
6420,3.45916,3.37603,0.489222
6430,3.45972,3.37961,0.489222
6440,3.46028,3.37961,0.489222
6450,3.46083,3.37961,0.489222
6460,3.46139,3.38246,0.488932
6470,3.46194,3.38246,0.488932
6480,3.46248,3.38246,0.488932
6490,3.46302,3.38528,0.488932
6500,3.46356,3.38528,0.488932
6510,3.46409,3.38528,0.488932
6520,3.46462,3.38528,0.488932
6530,3.46515,3.38805,0.488932
6540,3.46567,3.38805,0.488932
6550,3.46618,3.38805,0.488932
6560,3.4667,3.39078,0.489236
6570,3.46721,3.39078,0.489236
6580,3.46771,3.39078,0.489236
6590,3.46822,3.3935,0.489236
6600,3.46872,3.3935,0.489236
6610,3.46921,3.3935,0.489236
6620,3.4697,3.3935,0.489236
6630,3.47019,3.39686,0.489236
6640,3.47067,3.39686,0.489236
6650,3.47115,3.39686,0.489236
6660,3.47162,3.39954,0.489177
6670,3.47209,3.39954,0.489177
6680,3.47256,3.39954,0.489177
6690,3.47303,3.40218,0.489177
6700,3.47348,3.40218,0.489177
6710,3.47394,3.40218,0.489177
6720,3.47439,3.4048,0.489177
6730,3.47484,3.4048,0.489177
6740,3.47528,3.4048,0.489177
6750,3.47572,3.4048,0.489177
6760,3.47616,3.40738,0.48913
6770,3.47659,3.40738,0.48913
6780,3.47702,3.40738,0.48913
6790,3.47744,3.40996,0.48913
6800,3.47786,3.40996,0.48913
6810,3.47828,3.40996,0.48913
6820,3.47869,3.41316,0.48913
6830,3.4791,3.41316,0.48913
6840,3.47951,3.41316,0.48913
6850,3.47991,3.41569,0.488932
6860,3.4803,3.41569,0.488932
6870,3.4807,3.41569,0.488932
6880,3.48109,3.41817,0.488932
6890,3.48147,3.41817,0.488932
6900,3.48185,3.41817,0.488932
6910,3.48223,3.41817,0.488932
6920,3.4826,3.42059,0.488932
6930,3.48297,3.42059,0.488932
6940,3.48334,3.42059,0.488932
6950,3.4837,3.42298,0.488708
6960,3.48406,3.42298,0.488708
6970,3.48441,3.42298,0.488708
6980,3.48476,3.42536,0.488708
6990,3.48511,3.42536,0.488708
7000,3.48545,3.42536,0.488708
7010,3.48579,3.42536,0.488708
7020,3.48612,3.42826,0.488708
7030,3.48645,3.42826,0.488708
7040,3.48678,3.42826,0.488708
7050,3.4871,3.4305,0.488715
7060,3.48742,3.4305,0.488715
7070,3.48773,3.4305,0.488715
7080,3.48804,3.43271,0.488715
7090,3.48835,3.43271,0.488715
7100,3.48865,3.43271,0.488715
7110,3.48895,3.43488,0.488715
7120,3.48924,3.43488,0.488715
7130,3.48954,3.43488,0.488715
7140,3.48982,3.43761,0.488552
7150,3.4901,3.43761,0.488552
7160,3.49038,3.43761,0.488552
7170,3.49066,3.4392,0.488552
7180,3.49093,3.4392,0.488552
7190,3.4912,3.4392,0.488552
7200,3.49146,3.4392,0.488552
7210,3.49172,3.44179,0.488552
7220,3.49197,3.44179,0.488552
7230,3.49222,3.44179,0.488552
7240,3.49247,3.44381,0.488545
7250,3.49271,3.44381,0.488545
7260,3.49295,3.44381,0.488545
7270,3.49319,3.44578,0.488545
7280,3.49342,3.44578,0.488545
7290,3.49365,3.44578,0.488545
7300,3.49387,3.44578,0.488545
7310,3.49409,3.4477,0.488545
7320,3.4943,3.4477,0.488545
7330,3.49451,3.4477,0.488545
7340,3.49472,3.44961,0.488403
7350,3.49492,3.44961,0.488403
7360,3.49512,3.44961,0.488403
7370,3.49532,3.45147,0.488403
7380,3.49551,3.45147,0.488403
7390,3.4957,3.45147,0.488403
7400,3.49588,3.45369,0.488403
7410,3.49606,3.45369,0.488403
7420,3.49624,3.45369,0.488403
7430,3.49641,3.45369,0.488403
7440,3.49657,3.4554,0.48848
7450,3.49674,3.4554,0.48848
7460,3.4969,3.4554,0.48848
7470,3.49705,3.45705,0.48848
7480,3.4972,3.45705,0.48848
7490,3.49735,3.45705,0.48848
7500,3.49749,3.45865,0.48848
7510,3.49763,3.45865,0.48848
7520,3.49777,3.45865,0.48848
7530,3.4979,3.4602,0.48868
7540,3.49803,3.4602,0.48868
7550,3.49815,3.4602,0.48868
7560,3.49827,3.46169,0.48868
7570,3.49839,3.46169,0.48868
7580,3.4985,3.46169,0.48868
7590,3.49861,3.46169,0.48868
7600,3.49871,3.46344,0.48868
7610,3.49881,3.46344,0.48868
7620,3.49891,3.46344,0.48868
7630,3.499,3.46476,0.488987
7640,3.49908,3.46476,0.488987
7650,3.49917,3.46476,0.488987
7660,3.49925,3.46606,0.488987
7670,3.49932,3.46606,0.488987
7680,3.49939,3.46606,0.488987
7690,3.49946,3.46606,0.488987
7700,3.49953,3.46734,0.488987
7710,3.49959,3.46734,0.488987
7720,3.49964,3.46734,0.488987
7730,3.49969,3.46857,0.489216
7740,3.49974,3.46857,0.489216
7750,3.49978,3.46857,0.489216
7760,3.49982,3.46975,0.489216
7770,3.49986,3.46975,0.489216
7780,3.49989,3.46975,0.489216
7790,3.49992,3.46975,0.489216
7800,3.49994,3.47113,0.489216
7810,3.49996,3.47113,0.489216
7820,3.49998,3.47113,0.489216
7830,3.49999,3.47218,0.489558
7840,3.5,3.47218,0.489558
7850,3.5,3.47218,0.489558
7860,3.5,3.47323,0.489558
7870,3.49999,3.47323,0.489558
7880,3.49999,3.47323,0.489558
7890,3.49997,3.47424,0.489558
7900,3.49996,3.47424,0.489558
7910,3.49994,3.47424,0.489558
7920,3.49991,3.47524,0.489264
7930,3.49988,3.47524,0.489264
7940,3.49985,3.47524,0.489264
7950,3.49982,3.47623,0.489264
7960,3.49978,3.47623,0.489264
7970,3.49973,3.47623,0.489264
7980,3.49968,3.47623,0.489264
7990,3.49963,3.47745,0.489264
8000,3.49957,3.47745,0.489264
8010,3.49951,3.47745,0.489264
8020,3.49945,3.47839,0.488796
8030,3.49938,3.47839,0.488796
8040,3.49931,3.47839,0.488796
8050,3.49923,3.47922,0.488796
8060,3.49915,3.47922,0.488796
8070,3.49907,3.47922,0.488796
8080,3.49898,3.47922,0.488796
8090,3.49889,3.47998,0.488796
8100,3.49879,3.47998,0.488796
8110,3.49869,3.47998,0.488796
8120,3.49858,3.48069,0.48925
8130,3.49848,3.48069,0.48925
8140,3.49836,3.48069,0.48925
8150,3.49825,3.48131,0.48925
8160,3.49813,3.48131,0.48925
8170,3.498,3.48131,0.48925
8180,3.49787,3.48202,0.48925
8190,3.49774,3.48202,0.48925
8200,3.49761,3.48202,0.48925
8210,3.49747,3.48255,0.489344
8220,3.49732,3.48255,0.489344
8230,3.49717,3.48255,0.489344
8240,3.49702,3.48312,0.489344
8250,3.49687,3.48312,0.489344
8260,3.4967,3.48312,0.489344
8270,3.49654,3.48312,0.489344
8280,3.49637,3.48367,0.489344
8290,3.4962,3.48367,0.489344
8300,3.49602,3.48367,0.489344
8310,3.49584,3.48421,0.489328
8320,3.49566,3.48421,0.489328
8330,3.49547,3.48421,0.489328
8340,3.49528,3.4847,0.489328
8350,3.49508,3.4847,0.489328
8360,3.49488,3.4847,0.489328
8370,3.49468,3.48524,0.489328
8380,3.49447,3.48524,0.489328
8390,3.49426,3.48524,0.489328
8400,3.49404,3.48563,0.489359
8410,3.49382,3.48563,0.489359
8420,3.4936,3.48563,0.489359
8430,3.49337,3.48563,0.489359
8440,3.49314,3.48598,0.489359
8450,3.4929,3.48598,0.489359
8460,3.49266,3.48598,0.489359
8470,3.49242,3.48629,0.489359
8480,3.49217,3.48629,0.489359
8490,3.49192,3.48629,0.489359
8500,3.49166,3.48651,0.489828
8510,3.49141,3.48651,0.489828
8520,3.49114,3.48651,0.489828
8530,3.49087,3.48668,0.489828
8540,3.4906,3.48668,0.489828
8550,3.49033,3.48668,0.489828
8560,3.49005,3.48668,0.489828
8570,3.48976,3.48689,0.489828
8580,3.48948,3.48689,0.489828
8590,3.48919,3.48689,0.489828
8600,3.48889,3.48703,0.489779
8610,3.48859,3.48703,0.489779
8620,3.48829,3.48703,0.489779
8630,3.48798,3.48714,0.489779
8640,3.48767,3.48714,0.489779
8650,3.48735,3.48714,0.489779
8660,3.48703,3.48725,0.489779
8670,3.48671,3.48725,0.489779
8680,3.48638,3.48725,0.489779
8690,3.48605,3.48734,0.489347
8700,3.48572,3.48734,0.489347
8710,3.48538,3.48734,0.489347
8720,3.48504,3.4874,0.489347
8730,3.48469,3.4874,0.489347
8740,3.48434,3.4874,0.489347
8750,3.48399,3.4874,0.489347
8760,3.48363,3.48741,0.489347
8770,3.48327,3.48741,0.489347
8780,3.4829,3.48741,0.489347
8790,3.48253,3.48739,0.489248
8800,3.48215,3.48739,0.489248
8810,3.48178,3.48739,0.489248
8820,3.48139,3.48738,0.489248
8830,3.48101,3.48738,0.489248
8840,3.48062,3.48738,0.489248
8850,3.48022,3.48738,0.489248
8860,3.47983,3.48738,0.489248
8870,3.47943,3.48738,0.489248
8880,3.47902,3.48738,0.489248
8890,3.47861,3.48736,0.488838
8900,3.4782,3.48736,0.488838
8910,3.47778,3.48736,0.488838
8920,3.47736,3.48729,0.488838
8930,3.47693,3.48729,0.488838
8940,3.4765,3.48729,0.488838
8950,3.47607,3.4872,0.488838
8960,3.47563,3.4872,0.488838
8970,3.47519,3.4872,0.488838
8980,3.47475,3.4872,0.488838
8990,3.4743,3.48709,0.48877
9000,3.47385,3.48709,0.48877
9010,3.47339,3.48709,0.48877
9020,3.47293,3.48693,0.48877
9030,3.47247,3.48693,0.48877
9040,3.472,3.48693,0.48877
9050,3.47153,3.48675,0.48877
9060,3.47105,3.48675,0.48877
9070,3.47057,3.48675,0.48877
9080,3.47009,3.48653,0.489129
9090,3.4696,3.48653,0.489129
9100,3.46911,3.48653,0.489129
9110,3.46861,3.48629,0.489129
9120,3.46811,3.48629,0.489129
9130,3.46761,3.48629,0.489129
9140,3.46711,3.48629,0.489129
9150,3.46659,3.48629,0.489129
9160,3.46608,3.48629,0.489129
9170,3.46556,3.48629,0.489129
9180,3.46504,3.48602,0.489129
9190,3.46451,3.48602,0.489129
9200,3.46398,3.48602,0.489129
9210,3.46345,3.4858,0.488385
9220,3.46291,3.4858,0.488385
9230,3.46237,3.4858,0.488385
9240,3.46182,3.48557,0.488385
9250,3.46128,3.48557,0.488385
9260,3.46072,3.48557,0.488385
9270,3.46017,3.48557,0.488385
9280,3.4596,3.48534,0.488385
9290,3.45904,3.48534,0.488385
9300,3.45847,3.48534,0.488385
9310,3.4579,3.48494,0.488558
9320,3.45732,3.48494,0.488558
9330,3.45674,3.48494,0.488558
9340,3.45616,3.48466,0.488558
9350,3.45557,3.48466,0.488558
9360,3.45498,3.48466,0.488558
9370,3.45438,3.48466,0.488558
9380,3.45379,3.48414,0.488558
9390,3.45318,3.48414,0.488558
9400,3.45258,3.48414,0.488558
9410,3.45197,3.48365,0.488563
9420,3.45135,3.48365,0.488563
9430,3.45073,3.48365,0.488563
9440,3.45011,3.48314,0.488563
9450,3.44949,3.48314,0.488563
9460,3.44886,3.48314,0.488563
9470,3.44822,3.48261,0.488563
9480,3.44759,3.48261,0.488563
9490,3.44694,3.48261,0.488563
9500,3.4463,3.48206,0.488083
9510,3.44565,3.48206,0.488083
9520,3.445,3.48206,0.488083
9530,3.44434,3.48154,0.488083
9540,3.44368,3.48154,0.488083
9550,3.44302,3.48154,0.488083
9560,3.44235,3.48154,0.488083
9570,3.44168,3.48079,0.488083
9580,3.44101,3.48079,0.488083
9590,3.44033,3.48079,0.488083
9600,3.43965,3.48014,0.48796
9610,3.43896,3.48014,0.48796
9620,3.43827,3.48014,0.48796
9630,3.43758,3.47943,0.48796
9640,3.43688,3.47943,0.48796
9650,3.43618,3.47943,0.48796
9660,3.43547,3.47865,0.48796
9670,3.43476,3.47865,0.48796
9680,3.43405,3.47865,0.48796
9690,3.43333,3.47865,0.48796
9700,3.43262,3.47784,0.487799
9710,3.43189,3.47784,0.487799
9720,3.43116,3.47784,0.487799
9730,3.43043,3.477,0.487799
9740,3.4297,3.477,0.487799
9750,3.42896,3.477,0.487799
9760,3.42822,3.47583,0.487799
9770,3.42747,3.47583,0.487799
9780,3.42672,3.47583,0.487799
9790,3.42597,3.4748,0.488414
9800,3.42521,3.4748,0.488414
9810,3.42445,3.4748,0.488414
9820,3.42369,3.47371,0.488414
9830,3.42292,3.47371,0.488414
9840,3.42215,3.47371,0.488414
9850,3.42137,3.47371,0.488414
9860,3.42059,3.47261,0.488414
9870,3.41981,3.47261,0.488414
9880,3.41902,3.47261,0.488414
9890,3.41823,3.47147,0.48843
9900,3.41744,3.47147,0.48843
9910,3.41664,3.47147,0.48843
9920,3.41584,3.47028,0.48843
9930,3.41503,3.47028,0.48843
9940,3.41423,3.47028,0.48843
9950,3.41341,3.4687,0.48843
9960,3.4126,3.4687,0.48843
9970,3.41178,3.4687,0.48843
9980,3.41095,3.4687,0.48843
9990,3.41013,3.4674,0.488326
10000,3.4093,3.4674,0.488326
10010,3.40846,3.4674,0.488326
10020,3.40763,3.46603,0.488326
10030,3.40678,3.46603,0.488326
10040,3.40594,3.46603,0.488326
10050,3.40509,3.46462,0.488326
10060,3.40424,3.46462,0.488326
10070,3.40338,3.46462,0.488326
10080,3.40252,3.46319,0.488246
10090,3.40166,3.46319,0.488246
10100,3.40079,3.46319,0.488246
10110,3.39992,3.46173,0.488246
10120,3.39905,3.46173,0.488246
10130,3.39817,3.46173,0.488246
10140,3.39729,3.46173,0.488246
10150,3.39641,3.45979,0.488246
10160,3.39552,3.45979,0.488246
10170,3.39463,3.45979,0.488246
10180,3.39373,3.45817,0.488007
10190,3.39283,3.45817,0.488007
10200,3.39193,3.45817,0.488007
10210,3.39102,3.4565,0.488007
10220,3.39011,3.4565,0.488007
10230,3.3892,3.4565,0.488007
10240,3.38828,3.4548,0.488007
10250,3.38736,3.4548,0.488007
10260,3.38644,3.4548,0.488007
10270,3.38551,3.45305,0.48813
10280,3.38458,3.45305,0.48813
10290,3.38365,3.45305,0.48813
10300,3.38271,3.45124,0.48813
10310,3.38177,3.45124,0.48813
10320,3.38082,3.45124,0.48813
10330,3.37987,3.45124,0.48813
10340,3.37892,3.44886,0.48813
10350,3.37796,3.44886,0.48813
10360,3.377,3.44886,0.48813
10370,3.37604,3.44692,0.48825
10380,3.37508,3.44692,0.48825
10390,3.37411,3.44692,0.48825
10400,3.37313,3.44494,0.48825
10410,3.37216,3.44494,0.48825
10420,3.37118,3.44494,0.48825
10430,3.37019,3.44293,0.48825
10440,3.36921,3.44293,0.48825
10450,3.36821,3.44293,0.48825
10460,3.36722,3.44293,0.48825
10470,3.36622,3.44084,0.488411
10480,3.36522,3.44084,0.488411
10490,3.36422,3.44084,0.488411
10500,3.36321,3.43869,0.488411
10510,3.3622,3.43869,0.488411
10520,3.36118,3.43869,0.488411
10530,3.36016,3.43593,0.488411
10540,3.35914,3.43593,0.488411
10550,3.35812,3.43593,0.488411
10560,3.35709,3.43366,0.488556
10570,3.35606,3.43366,0.488556
10580,3.35502,3.43366,0.488556
10590,3.35398,3.43133,0.488556
10600,3.35294,3.43133,0.488556
10610,3.35189,3.43133,0.488556
10620,3.35085,3.43133,0.488556
10630,3.34979,3.42895,0.488556
10640,3.34874,3.42895,0.488556
10650,3.34768,3.42895,0.488556
10660,3.34662,3.42653,0.488629
10670,3.34555,3.42653,0.488629
10680,3.34448,3.42653,0.488629
10690,3.34341,3.42401,0.488629
10700,3.34233,3.42401,0.488629
10710,3.34125,3.42401,0.488629
10720,3.34017,3.42078,0.488629
10730,3.33908,3.42078,0.488629
10740,3.33799,3.42078,0.488629
10750,3.3369,3.41813,0.489178
10760,3.3358,3.41813,0.489178
10770,3.3347,3.41813,0.489178
10780,3.3336,3.41813,0.489178
10790,3.33249,3.41551,0.489178
10800,3.33138,3.41551,0.489178
10810,3.33027,3.41551,0.489178
10820,3.32915,3.41287,0.489178
10830,3.32803,3.41287,0.489178
10840,3.32691,3.41287,0.489178
10850,3.32578,3.41026,0.489099
10860,3.32466,3.41026,0.489099
10870,3.32352,3.41026,0.489099
10880,3.32239,3.40763,0.489099
10890,3.32125,3.40763,0.489099
10900,3.3201,3.40763,0.489099
10910,3.31896,3.40763,0.489099
10920,3.31781,3.40425,0.489099
10930,3.31666,3.40425,0.489099
10940,3.3155,3.40425,0.489099
10950,3.31434,3.40154,0.488906
10960,3.31318,3.40154,0.488906
10970,3.31201,3.40154,0.488906
10980,3.31084,3.39876,0.488906
10990,3.30967,3.39876,0.488906
11000,3.3085,3.39876,0.488906
11010,3.30732,3.3952,0.488906
11020,3.30614,3.3952,0.488906
11030,3.30495,3.3952,0.488906
11040,3.30376,3.39228,0.489155
11050,3.30257,3.39228,0.489155
11060,3.30138,3.39228,0.489155
11070,3.30018,3.39006,0.489155
11080,3.29898,3.39006,0.489155
11090,3.29777,3.39006,0.489155
11100,3.29657,3.39006,0.489155
11110,3.29535,3.38631,0.489155
11120,3.29414,3.38631,0.489155
11130,3.29292,3.38631,0.489155
11140,3.2917,3.38323,0.489448
11150,3.29048,3.38323,0.489448
11160,3.28925,3.38323,0.489448
11170,3.28802,3.3801,0.489448
11180,3.28679,3.3801,0.489448
11190,3.28556,3.3801,0.489448
11200,3.28432,3.3801,0.489448
11210,3.28307,3.3769,0.489448
11220,3.28183,3.3769,0.489448
11230,3.28058,3.3769,0.489448
11240,3.27933,3.37365,0.489658
11250,3.27807,3.37365,0.489658
11260,3.27682,3.37365,0.489658
11270,3.27555,3.37036,0.489658
11280,3.27429,3.37036,0.489658
11290,3.27302,3.37036,0.489658
11300,3.27175,3.36619,0.489658
11310,3.27048,3.36619,0.489658
11320,3.2692,3.36619,0.489658
11330,3.26792,3.36284,0.489703
11340,3.26664,3.36284,0.489703
11350,3.26535,3.36284,0.489703
11360,3.26407,3.35949,0.489703
11370,3.26277,3.35949,0.489703
11380,3.26148,3.35949,0.489703
11390,3.26018,3.35949,0.489703
11400,3.25888,3.35612,0.489703
11410,3.25758,3.35612,0.489703
11420,3.25627,3.35612,0.489703
11430,3.25496,3.35273,0.489764
11440,3.25365,3.35273,0.489764
11450,3.25233,3.35273,0.489764
11460,3.25101,3.34934,0.489764
11470,3.24969,3.34934,0.489764
11480,3.24836,3.34934,0.489764
11490,3.24704,3.34504,0.489764
11500,3.24571,3.34504,0.489764
11510,3.24437,3.34504,0.489764
11520,3.24303,3.34154,0.489482
11530,3.24169,3.34154,0.489482
11540,3.24035,3.34154,0.489482
11550,3.23901,3.338,0.489482
11560,3.23766,3.338,0.489482
11570,3.2363,3.338,0.489482
11580,3.23495,3.338,0.489482
11590,3.23359,3.33441,0.489482
11600,3.23223,3.33441,0.489482
11610,3.23087,3.33441,0.489482
11620,3.2295,3.33082,0.489759
11630,3.22813,3.33082,0.489759
11640,3.22676,3.33082,0.489759
11650,3.22538,3.32724,0.489759
11660,3.22401,3.32724,0.489759
11670,3.22263,3.32724,0.489759
11680,3.22124,3.32272,0.489759
11690,3.21985,3.32272,0.489759
11700,3.21846,3.32272,0.489759
11710,3.21707,3.32272,0.489759
11720,3.21568,3.31912,0.489774
11730,3.21428,3.31912,0.489774
11740,3.21288,3.31912,0.489774
11750,3.21147,3.31552,0.489774
11760,3.21007,3.31552,0.489774
11770,3.20866,3.31552,0.489774
11780,3.20724,3.31189,0.489774
11790,3.20583,3.31189,0.489774
11800,3.20441,3.31189,0.489774
11810,3.20299,3.30826,0.489738
11820,3.20157,3.30826,0.489738
11830,3.20014,3.30826,0.489738
11840,3.19871,3.30465,0.489738
11850,3.19728,3.30465,0.489738
11860,3.19584,3.30465,0.489738
11870,3.19441,3.30465,0.489738
11880,3.19296,3.30014,0.489738
11890,3.19152,3.30014,0.489738
11900,3.19007,3.30014,0.489738
11910,3.18863,3.29652,0.489323
11920,3.18717,3.29652,0.489323
11930,3.18572,3.29652,0.489323
11940,3.18426,3.29283,0.489323
11950,3.1828,3.29283,0.489323
11960,3.18134,3.29283,0.489323
11970,3.17988,3.28912,0.489323
11980,3.17841,3.28912,0.489323
11990,3.17694,3.28912,0.489323
12000,3.17546,3.28538,0.48914
12010,3.17399,3.28538,0.48914
12020,3.17251,3.28538,0.48914
12030,3.17103,3.28155,0.48914
12040,3.16954,3.28155,0.48914
12050,3.16806,3.28155,0.48914
12060,3.16657,3.28155,0.48914
12070,3.16507,3.2767,0.48914
12080,3.16358,3.2767,0.48914
12090,3.16208,3.2767,0.48914
12100,3.16058,3.27271,0.489835
12110,3.15908,3.27271,0.489835
12120,3.15757,3.27271,0.489835
12130,3.15606,3.26865,0.489835
12140,3.15455,3.26865,0.489835
12150,3.15304,3.26865,0.489835
12160,3.15152,3.26865,0.489835
12170,3.15001,3.26457,0.489835
12180,3.14849,3.26457,0.489835
12190,3.14696,3.26457,0.489835
12200,3.14544,3.26049,0.48988
12210,3.14391,3.26049,0.48988
12220,3.14237,3.26049,0.48988
12230,3.14084,3.25639,0.48988
12240,3.1393,3.25639,0.48988
12250,3.13776,3.25639,0.48988
12260,3.13622,3.25128,0.48988
12270,3.13468,3.25128,0.48988
12280,3.13313,3.25128,0.48988
12290,3.13158,3.24714,0.489971
12300,3.13003,3.24714,0.489971
12310,3.12848,3.24714,0.489971
12320,3.12692,3.24294,0.489971
12330,3.12536,3.24294,0.489971
12340,3.1238,3.24294,0.489971
12350,3.12223,3.24294,0.489971
12360,3.12067,3.23874,0.489971
12370,3.1191,3.23874,0.489971
12380,3.11753,3.23874,0.489971
12390,3.11595,3.23444,0.490231
12400,3.11437,3.23444,0.490231
12410,3.1128,3.23444,0.490231
12420,3.11121,3.23011,0.490231
12430,3.10963,3.23011,0.490231
12440,3.10804,3.23011,0.490231
12450,3.10645,3.2247,0.490231
12460,3.10486,3.2247,0.490231
12470,3.10327,3.2247,0.490231
12480,3.10167,3.2247,0.490231
12490,3.10007,3.22034,0.490335
12500,3.09847,3.22034,0.490335
12510,3.09687,3.22034,0.490335
12520,3.09526,3.21599,0.490335
12530,3.09365,3.21599,0.490335
12540,3.09204,3.21599,0.490335
12550,3.09043,3.21163,0.490335
12560,3.08882,3.21163,0.490335
12570,3.0872,3.21163,0.490335
12580,3.08558,3.20724,0.490167
12590,3.08396,3.20724,0.490167
12600,3.08233,3.20724,0.490167
12610,3.0807,3.20283,0.490167
12620,3.07907,3.20283,0.490167
12630,3.07744,3.20283,0.490167
12640,3.07581,3.20283,0.490167
12650,3.07417,3.19732,0.490167
12660,3.07253,3.19732,0.490167
12670,3.07089,3.19732,0.490167
12680,3.06925,3.19292,0.490074
12690,3.0676,3.19292,0.490074
12700,3.06596,3.19292,0.490074
12710,3.06431,3.18848,0.490074
12720,3.06265,3.18848,0.490074
12730,3.061,3.18848,0.490074
12740,3.05934,3.18404,0.490074
12750,3.05768,3.18404,0.490074
12760,3.05602,3.18404,0.490074
12770,3.05436,3.1796,0.49033
12780,3.05269,3.1796,0.49033
12790,3.05103,3.1796,0.49033
12800,3.04936,3.1796,0.49033
12810,3.04768,3.17514,0.49033
12820,3.04601,3.17514,0.49033
12830,3.04433,3.17514,0.49033
12840,3.04265,3.16959,0.49033
12850,3.04097,3.16959,0.49033
12860,3.03929,3.16959,0.49033
12870,3.0376,3.16517,0.490305
12880,3.03592,3.16517,0.490305
12890,3.03423,3.16517,0.490305
12900,3.03253,3.16074,0.490305
12910,3.03084,3.16074,0.490305
12920,3.02915,3.16074,0.490305
12930,3.02745,3.16074,0.490305
12940,3.02575,3.15627,0.490305
12950,3.02404,3.15627,0.490305
12960,3.02234,3.15627,0.490305
12970,3.02063,3.1507,0.489991
12980,3.01892,3.1507,0.489991
12990,3.01721,3.1507,0.489991
13000,3.0155,3.14732,0.489991
13010,3.01379,3.14732,0.489991
13020,3.01207,3.14732,0.489991
13030,3.01035,3.14162,0.489991
13040,3.00863,3.14162,0.489991
13050,3.00691,3.14162,0.489991
13060,3.00518,3.13706,0.489931
13070,3.00345,3.13706,0.489931
13080,3.00173,3.13706,0.489931
13090,2.99999,3.13244,0.489931
13100,2.99826,3.13244,0.489931
13110,2.99653,3.13244,0.489931
13120,2.99479,3.13244,0.489931
13130,2.99305,3.1278,0.489931
13140,2.99131,3.1278,0.489931
13150,2.98957,3.1278,0.489931
13160,2.98782,3.12316,0.490079
13170,2.98607,3.12316,0.490079
13180,2.98433,3.12316,0.490079
13190,2.98258,3.11848,0.490079
13200,2.98082,3.11848,0.490079
13210,2.97907,3.11848,0.490079
13220,2.97731,3.11848,0.490079
13230,2.97555,3.11265,0.490079
13240,2.97379,3.11265,0.490079
13250,2.97203,3.11265,0.490079
13260,2.97027,3.10801,0.489435
13270,2.9685,3.10801,0.489435
13280,2.96673,3.10801,0.489435
13290,2.96496,3.10339,0.489435
13300,2.96319,3.10339,0.489435
13310,2.96142,3.10339,0.489435
13320,2.95964,3.09875,0.489435
13330,2.95787,3.09875,0.489435
13340,2.95609,3.09875,0.489435
13350,2.95431,3.09875,0.489435
13360,2.95252,3.09411,0.489319
13370,2.95074,3.09411,0.489319
13380,2.94895,3.09411,0.489319
13390,2.94716,3.08942,0.489319
13400,2.94537,3.08942,0.489319
13410,2.94358,3.08942,0.489319
13420,2.94179,3.08353,0.489319
13430,2.93999,3.08353,0.489319
13440,2.9382,3.08353,0.489319
13450,2.9364,3.07877,0.489574
13460,2.9346,3.07877,0.489574
13470,2.9328,3.07877,0.489574
13480,2.93099,3.07401,0.489574
13490,2.92919,3.07401,0.489574
13500,2.92738,3.07401,0.489574
13510,2.92557,3.07401,0.489574
13520,2.92376,3.06922,0.489574
13530,2.92195,3.06922,0.489574
13540,2.92013,3.06922,0.489574
13550,2.91832,3.06443,0.489385
13560,2.9165,3.06443,0.489385
13570,2.91468,3.06443,0.489385
13580,2.91286,3.05961,0.489385
13590,2.91104,3.05961,0.489385
13600,2.90921,3.05961,0.489385
13610,2.90739,3.05352,0.489385
13620,2.90556,3.05352,0.489385
13630,2.90373,3.05352,0.489385
13640,2.9019,3.05352,0.489385
13650,2.90007,3.04859,0.489672
13660,2.89824,3.04859,0.489672
13670,2.8964,3.04859,0.489672
13680,2.89456,3.04364,0.489672
13690,2.89272,3.04364,0.489672
13700,2.89088,3.04364,0.489672
13710,2.88904,3.03867,0.489672
13720,2.8872,3.03867,0.489672
13730,2.88536,3.03867,0.489672
13740,2.88351,3.03368,0.489705
13750,2.88166,3.03368,0.489705
13760,2.87981,3.03368,0.489705
13770,2.87796,3.02867,0.489705
13780,2.87611,3.02867,0.489705
13790,2.87425,3.02867,0.489705
13800,2.8724,3.02867,0.489705
13810,2.87054,3.02239,0.489705
13820,2.86868,3.02239,0.489705
13830,2.86682,3.02239,0.489705
13840,2.86496,3.01736,0.48951
13850,2.8631,3.01736,0.48951
13860,2.86124,3.01736,0.48951
13870,2.85937,3.01234,0.48951
13880,2.8575,3.01234,0.48951
13890,2.85563,3.01234,0.48951
13900,2.85376,3.0073,0.48951
13910,2.85189,3.0073,0.48951
13920,2.85002,3.0073,0.48951
13930,2.84815,3.001,0.48943
13940,2.84627,3.001,0.48943
13950,2.84439,3.001,0.48943
13960,2.84252,2.99722,0.48943
13970,2.84064,2.99722,0.48943
13980,2.83875,2.99722,0.48943
13990,2.83687,2.99722,0.48943
14000,2.83499,2.99081,0.48943
14010,2.8331,2.99081,0.48943
14020,2.83122,2.99081,0.48943
14030,2.82933,2.98559,0.489912
14040,2.82744,2.98559,0.489912
14050,2.82555,2.98559,0.489912
14060,2.82366,2.98035,0.489912
14070,2.82176,2.98035,0.489912
14080,2.81987,2.98035,0.489912
14090,2.81797,2.98035,0.489912
14100,2.81608,2.97509,0.489912
14110,2.81418,2.97509,0.489912
14120,2.81228,2.97509,0.489912
14130,2.81038,2.96985,0.489953
14140,2.80848,2.96985,0.489953
14150,2.80658,2.96985,0.489953
14160,2.80467,2.96463,0.489953
14170,2.80277,2.96463,0.489953
14180,2.80086,2.96463,0.489953
14190,2.79895,2.95807,0.489953
14200,2.79704,2.95807,0.489953
14210,2.79513,2.95807,0.489953
14220,2.79322,2.95807,0.489953
14230,2.79131,2.9528,0.489884
14240,2.78939,2.9528,0.489884
14250,2.78748,2.9528,0.489884
14260,2.78556,2.94752,0.489884
14270,2.78364,2.94752,0.489884
14280,2.78173,2.94752,0.489884
14290,2.77981,2.94219,0.489884
14300,2.77789,2.94219,0.489884
14310,2.77596,2.94219,0.489884
14320,2.77404,2.94219,0.489884
14330,2.77212,2.93681,0.489654
14340,2.77019,2.93681,0.489654
14350,2.76827,2.93681,0.489654
14360,2.76634,2.93144,0.489654
14370,2.76441,2.93144,0.489654
14380,2.76248,2.93144,0.489654
14390,2.76055,2.93144,0.489654
14400,2.75862,2.92468,0.489654
14410,2.75669,2.92468,0.489654
14420,2.75475,2.92468,0.489654
14430,2.75282,2.92468,0.489654
14440,2.75088,2.9192,0.489771
14450,2.74895,2.9192,0.489771
14460,2.74701,2.9192,0.489771
14470,2.74507,2.9192,0.489771
14480,2.74313,2.91363,0.489771
14490,2.74119,2.91363,0.489771
14500,2.73925,2.91363,0.489771
14510,2.73731,2.90803,0.489771
14520,2.73536,2.90803,0.489771
14530,2.73342,2.90803,0.489771
14540,2.73147,2.90239,0.489808
14550,2.72953,2.90239,0.489808
14560,2.72758,2.90239,0.489808
14570,2.72563,2.89532,0.489808
14580,2.72368,2.89532,0.489808
14590,2.72173,2.89532,0.489808
14600,2.71978,2.89532,0.489808
14610,2.71783,2.88964,0.489808
14620,2.71588,2.88964,0.489808
14630,2.71393,2.88964,0.489808
14640,2.71197,2.88391,0.48987
14650,2.71002,2.88391,0.48987
14660,2.70806,2.88391,0.48987
14670,2.7061,2.87818,0.48987
14680,2.70415,2.87818,0.48987
14690,2.70219,2.87818,0.48987
14700,2.70023,2.87818,0.48987
14710,2.69827,2.87248,0.48987
14720,2.69631,2.87248,0.48987
14730,2.69435,2.87248,0.48987
14740,2.69239,2.86681,0.489771
14750,2.69042,2.86681,0.489771
14760,2.68846,2.86681,0.489771
14770,2.68649,2.86118,0.489771
14780,2.68453,2.86118,0.489771
14790,2.68256,2.86118,0.489771
14800,2.6806,2.85413,0.489771
14810,2.67863,2.85413,0.489771
14820,2.67666,2.85413,0.489771
14830,2.67469,2.84845,0.490137
14840,2.67272,2.84845,0.490137
14850,2.67075,2.84845,0.490137
14860,2.66878,2.84845,0.490137
14870,2.66681,2.84275,0.490137
14880,2.66484,2.84275,0.490137
14890,2.66286,2.84275,0.490137
14900,2.66089,2.83704,0.490137
14910,2.65892,2.83704,0.490137
14920,2.65694,2.83704,0.490137
14930,2.65497,2.83135,0.489985
14940,2.65299,2.83135,0.489985
14950,2.65101,2.83135,0.489985
14960,2.64904,2.82563,0.489985
14970,2.64706,2.82563,0.489985
14980,2.64508,2.82563,0.489985
14990,2.6431,2.82563,0.489985
15000,2.64112,2.81838,0.489985
15010,2.63914,2.81838,0.489985
15020,2.63716,2.81838,0.489985
15030,2.63518,2.81255,0.490313
15040,2.6332,2.81255,0.490313
15050,2.63121,2.81255,0.490313
15060,2.62923,2.80672,0.490313
15070,2.62725,2.80672,0.490313
15080,2.62526,2.80672,0.490313
15090,2.62328,2.80086,0.490313
15100,2.62129,2.80086,0.490313
15110,2.61931,2.80086,0.490313
15120,2.61732,2.80086,0.490313
15130,2.61534,2.795,0.490072
15140,2.61335,2.795,0.490072
15150,2.61136,2.795,0.490072
15160,2.60937,2.78911,0.490072
15170,2.60739,2.78911,0.490072
15180,2.6054,2.78911,0.490072
15190,2.60341,2.78173,0.490072
15200,2.60142,2.78173,0.490072
15210,2.59943,2.78173,0.490072
15220,2.59744,2.78173,0.490072
15230,2.59545,2.77583,0.489883
15240,2.59346,2.77583,0.489883
15250,2.59146,2.77583,0.489883
15260,2.58947,2.76988,0.489883
15270,2.58748,2.76988,0.489883
15280,2.58549,2.76988,0.489883
15290,2.5835,2.76389,0.489883
15300,2.5815,2.76389,0.489883
15310,2.57951,2.76389,0.489883
15320,2.57751,2.7564,0.490203
15330,2.57552,2.7564,0.490203
15340,2.57353,2.7564,0.490203
15350,2.57153,2.7519,0.490203
15360,2.56954,2.7519,0.490203
15370,2.56754,2.7519,0.490203
15380,2.56555,2.7519,0.490203
15390,2.56355,2.74439,0.490203
15400,2.56155,2.74439,0.490203
15410,2.55956,2.74439,0.490203
15420,2.55756,2.73838,0.490372
15430,2.55556,2.73838,0.490372
15440,2.55357,2.73838,0.490372
15450,2.55157,2.73241,0.490372
15460,2.54957,2.73241,0.490372
15470,2.54757,2.73241,0.490372
15480,2.54558,2.72643,0.490372
15490,2.54358,2.72643,0.490372
15500,2.54158,2.72643,0.490372
15510,2.53958,2.72643,0.490372
15520,2.53758,2.72041,0.490491
15530,2.53559,2.72041,0.490491
15540,2.53359,2.72041,0.490491
15550,2.53159,2.7144,0.490491
15560,2.52959,2.7144,0.490491
15570,2.52759,2.7144,0.490491
15580,2.52559,2.7069,0.490491
15590,2.52359,2.7069,0.490491
15600,2.52159,2.7069,0.490491
15610,2.51959,2.7009,0.49068
15620,2.51759,2.7009,0.49068
15630,2.51559,2.7009,0.49068
15640,2.51359,2.69488,0.49068
15650,2.51159,2.69488,0.49068
15660,2.50959,2.69488,0.49068
15670,2.50759,2.69488,0.49068
15680,2.50559,2.68883,0.49068
15690,2.50359,2.68883,0.49068
15700,2.50159,2.68883,0.49068
15710,2.49959,2.68126,0.490891
15720,2.49759,2.68126,0.490891
15730,2.49559,2.68126,0.490891
15740,2.49359,2.67671,0.490891
15750,2.49159,2.67671,0.490891
15760,2.48959,2.67671,0.490891
15770,2.48759,2.67671,0.490891
15780,2.48559,2.6691,0.490891
15790,2.48359,2.6691,0.490891
15800,2.48159,2.6691,0.490891
15810,2.47959,2.66304,0.491088
15820,2.47759,2.66304,0.491088
15830,2.47559,2.66304,0.491088
15840,2.4736,2.65695,0.491088
15850,2.4716,2.65695,0.491088
15860,2.4696,2.65695,0.491088
15870,2.4676,2.65086,0.491088
15880,2.4656,2.65086,0.491088
15890,2.4636,2.65086,0.491088
15900,2.4616,2.64322,0.49095
15910,2.4596,2.64322,0.49095
15920,2.45761,2.64322,0.49095
15930,2.45561,2.6386,0.49095
15940,2.45361,2.6386,0.49095
15950,2.45161,2.6386,0.49095
15960,2.44961,2.6386,0.49095
15970,2.44762,2.63082,0.49095
15980,2.44562,2.63082,0.49095
15990,2.44362,2.63082,0.49095
16000,2.44163,2.62459,0.490961
16010,2.43963,2.62459,0.490961
16020,2.43763,2.62459,0.490961
16030,2.43564,2.62459,0.490961
16040,2.43364,2.61835,0.490961
16050,2.43165,2.61835,0.490961
16060,2.42965,2.61835,0.490961
16070,2.42766,2.61209,0.490961
16080,2.42566,2.61209,0.490961
16090,2.42367,2.61209,0.490961
16100,2.42167,2.60585,0.490977
16110,2.41968,2.60585,0.490977
16120,2.41769,2.60585,0.490977
16130,2.41569,2.60585,0.490977
16140,2.4137,2.59963,0.490977
16150,2.41171,2.59963,0.490977
16160,2.40972,2.59963,0.490977
16170,2.40772,2.59181,0.490977
16180,2.40573,2.59181,0.490977
16190,2.40374,2.59181,0.490977
16200,2.40175,2.58554,0.490977
16210,2.39976,2.58554,0.490977
16220,2.39777,2.58554,0.490977
16230,2.39578,2.57929,0.490977
16240,2.39379,2.57929,0.490977
16250,2.3918,2.57929,0.490977
16260,2.38982,2.57929,0.490977
16270,2.38783,2.57305,0.490977
16280,2.38584,2.57305,0.490977
16290,2.38386,2.57305,0.490977
16300,2.38187,2.56686,0.491042
16310,2.37988,2.56686,0.491042
16320,2.3779,2.56686,0.491042
16330,2.37591,2.56071,0.491042
16340,2.37393,2.56071,0.491042
16350,2.37195,2.56071,0.491042
16360,2.36996,2.56071,0.491042
16370,2.36798,2.55302,0.491042
16380,2.366,2.55302,0.491042
16390,2.36402,2.55302,0.491042
16400,2.36203,2.5469,0.490889
16410,2.36005,2.5469,0.490889
16420,2.35807,2.5469,0.490889
16430,2.35609,2.54079,0.490889
16440,2.35412,2.54079,0.490889
16450,2.35214,2.54079,0.490889
16460,2.35016,2.53471,0.490889
16470,2.34818,2.53471,0.490889
16480,2.34621,2.53471,0.490889
16490,2.34423,2.52867,0.490959
16500,2.34225,2.52867,0.490959
16510,2.34028,2.52867,0.490959
16520,2.33831,2.52266,0.490959
16530,2.33633,2.52266,0.490959
16540,2.33436,2.52266,0.490959
16550,2.33239,2.52266,0.490959
16560,2.33042,2.51522,0.490959
16570,2.32845,2.51522,0.490959
16580,2.32648,2.51522,0.490959
16590,2.32451,2.50932,0.490955
16600,2.32254,2.50932,0.490955
16610,2.32057,2.50932,0.490955
16620,2.3186,2.5034,0.490955
16630,2.31664,2.5034,0.490955
16640,2.31467,2.5034,0.490955
16650,2.31271,2.49748,0.490955
16660,2.31074,2.49748,0.490955
16670,2.30878,2.49748,0.490955
16680,2.30681,2.49748,0.490955
16690,2.30485,2.49007,0.49039
16700,2.30289,2.49007,0.49039
16710,2.30093,2.49007,0.49039
16720,2.29897,2.48561,0.49039
16730,2.29701,2.48561,0.49039
16740,2.29506,2.48561,0.49039
16750,2.2931,2.47818,0.49039
16760,2.29114,2.47818,0.49039
16770,2.28919,2.47818,0.49039
16780,2.28723,2.47228,0.490469
16790,2.28528,2.47228,0.490469
16800,2.28332,2.47228,0.490469
16810,2.28137,2.46636,0.490469
16820,2.27942,2.46636,0.490469
16830,2.27747,2.46636,0.490469
16840,2.27552,2.46636,0.490469
16850,2.27357,2.46045,0.490469
16860,2.27163,2.46045,0.490469
16870,2.26968,2.46045,0.490469
16880,2.26773,2.45452,0.490587
16890,2.26579,2.45452,0.490587
16900,2.26384,2.45452,0.490587
16910,2.2619,2.44858,0.490587
16920,2.25996,2.44858,0.490587
16930,2.25802,2.44858,0.490587
16940,2.25608,2.44114,0.490587
16950,2.25414,2.44114,0.490587
16960,2.2522,2.44114,0.490587
16970,2.25026,2.43517,0.490865
16980,2.24833,2.43517,0.490865
16990,2.24639,2.43517,0.490865
17000,2.24446,2.42923,0.490865
17010,2.24253,2.42923,0.490865
17020,2.24059,2.42923,0.490865
17030,2.23866,2.42923,0.490865
17040,2.23673,2.4233,0.490865
17050,2.2348,2.4233,0.490865
17060,2.23288,2.4233,0.490865
17070,2.23095,2.41735,0.490638
17080,2.22902,2.41735,0.490638
17090,2.2271,2.41735,0.490638
17100,2.22518,2.41143,0.490638
17110,2.22325,2.41143,0.490638
17120,2.22133,2.41143,0.490638
17130,2.21941,2.40404,0.490638
17140,2.21749,2.40404,0.490638
17150,2.21557,2.40404,0.490638
17160,2.21366,2.39809,0.490806
17170,2.21174,2.39809,0.490806
17180,2.20983,2.39809,0.490806
17190,2.20791,2.39216,0.490806
17200,2.206,2.39216,0.490806
17210,2.20409,2.39216,0.490806
17220,2.20218,2.39216,0.490806
17230,2.20027,2.38623,0.490806
17240,2.19836,2.38623,0.490806
17250,2.19646,2.38623,0.490806
17260,2.19455,2.38027,0.490926
17270,2.19265,2.38027,0.490926
17280,2.19075,2.38027,0.490926
17290,2.18885,2.37432,0.490926
17300,2.18695,2.37432,0.490926
17310,2.18505,2.37432,0.490926
17320,2.18315,2.36683,0.490926
17330,2.18125,2.36683,0.490926
17340,2.17936,2.36683,0.490926
17350,2.17746,2.36683,0.490926
17360,2.17557,2.36086,0.491092
17370,2.17368,2.36086,0.491092
17380,2.17179,2.36086,0.491092
17390,2.1699,2.35492,0.491092
17400,2.16801,2.35492,0.491092
17410,2.16613,2.35492,0.491092
17420,2.16424,2.34899,0.491092
17430,2.16236,2.34899,0.491092
17440,2.16048,2.34899,0.491092
17450,2.1586,2.34307,0.490875
17460,2.15672,2.34307,0.490875
17470,2.15484,2.34307,0.490875
17480,2.15297,2.33714,0.490875
17490,2.15109,2.33714,0.490875
17500,2.14922,2.33714,0.490875
17510,2.14734,2.33714,0.490875
17520,2.14547,2.32972,0.490875
17530,2.1436,2.32972,0.490875
17540,2.14174,2.32972,0.490875
17550,2.13987,2.32381,0.491052
17560,2.138,2.32381,0.491052
17570,2.13614,2.32381,0.491052
17580,2.13428,2.31791,0.491052
17590,2.13242,2.31791,0.491052
17600,2.13056,2.31791,0.491052
17610,2.1287,2.31791,0.491052
17620,2.12684,2.31201,0.491052
17630,2.12499,2.31201,0.491052
17640,2.12314,2.31201,0.491052
17650,2.12129,2.30464,0.490967
17660,2.11943,2.30464,0.490967
17670,2.11759,2.30464,0.490967
17680,2.11574,2.30021,0.490967
17690,2.11389,2.30021,0.490967
17700,2.11205,2.30021,0.490967
17710,2.11021,2.29283,0.490967
17720,2.10837,2.29283,0.490967
17730,2.10653,2.29283,0.490967
17740,2.10469,2.28695,0.491136
17750,2.10285,2.28695,0.491136
17760,2.10102,2.28695,0.491136
17770,2.09918,2.28107,0.491136
17780,2.09735,2.28107,0.491136
17790,2.09552,2.28107,0.491136
17800,2.09369,2.28107,0.491136
17810,2.09187,2.27518,0.491136
17820,2.09004,2.27518,0.491136
17830,2.08822,2.27518,0.491136
17840,2.0864,2.26932,0.491336
17850,2.08458,2.26932,0.491336
17860,2.08276,2.26932,0.491336
17870,2.08094,2.26345,0.491336
17880,2.07913,2.26345,0.491336
17890,2.07731,2.26345,0.491336
17900,2.0755,2.2561,0.491336
17910,2.07369,2.2561,0.491336
17920,2.07188,2.2561,0.491336
17930,2.07008,2.25023,0.491271
17940,2.06827,2.25023,0.491271
17950,2.06647,2.25023,0.491271
17960,2.06467,2.25023,0.491271
17970,2.06287,2.2444,0.491271
17980,2.06107,2.2444,0.491271
17990,2.05927,2.2444,0.491271
18000,2.05748,2.23856,0.491271
18010,2.05569,2.23856,0.491271
18020,2.0539,2.23856,0.491271
18030,2.05211,2.23273,0.491444
18040,2.05032,2.23273,0.491444
18050,2.04853,2.23273,0.491444
18060,2.04675,2.22692,0.491444
18070,2.04497,2.22692,0.491444
18080,2.04319,2.22692,0.491444
18090,2.04141,2.22692,0.491444
18100,2.03963,2.21967,0.491444
18110,2.03786,2.21967,0.491444
18120,2.03609,2.21967,0.491444
18130,2.03432,2.2139,0.491461
18140,2.03255,2.2139,0.491461
18150,2.03078,2.2139,0.491461
18160,2.02901,2.20816,0.491461
18170,2.02725,2.20816,0.491461
18180,2.02549,2.20816,0.491461
18190,2.02373,2.20247,0.491461
18200,2.02197,2.20247,0.491461
18210,2.02022,2.20247,0.491461
18220,2.01846,2.19535,0.490974
18230,2.01671,2.19535,0.490974
18240,2.01496,2.19535,0.490974
18250,2.01321,2.19107,0.490974
18260,2.01147,2.19107,0.490974
18270,2.00972,2.19107,0.490974
18280,2.00798,2.19107,0.490974
18290,2.00624,2.18393,0.490974
18300,2.0045,2.18393,0.490974
18310,2.00277,2.18393,0.490974
18320,2.00103,2.17822,0.491168
18330,1.9993,2.17822,0.491168
18340,1.99757,2.17822,0.491168
18350,1.99584,2.1725,0.491168
18360,1.99412,2.1725,0.491168
18370,1.99239,2.1725,0.491168
18380,1.99067,2.16676,0.491168
18390,1.98895,2.16676,0.491168
18400,1.98723,2.16676,0.491168
18410,1.98551,2.16676,0.491168
18420,1.9838,2.1596,0.491252
18430,1.98209,2.1596,0.491252
18440,1.98038,2.1596,0.491252
18450,1.97867,2.15531,0.491252
18460,1.97697,2.15531,0.491252
18470,1.97526,2.15531,0.491252
18480,1.97356,2.1482,0.491252
18490,1.97186,2.1482,0.491252
18500,1.97016,2.1482,0.491252
18510,1.96847,2.14254,0.491368
18520,1.96678,2.14254,0.491368
18530,1.96508,2.14254,0.491368
18540,1.9634,2.13692,0.491368
18550,1.96171,2.13692,0.491368
18560,1.96003,2.13692,0.491368
18570,1.95834,2.13692,0.491368
18580,1.95666,2.13129,0.491368
18590,1.95498,2.13129,0.491368
18600,1.95331,2.13129,0.491368
18610,1.95164,2.12427,0.491477
18620,1.94996,2.12427,0.491477
18630,1.94829,2.12427,0.491477
18640,1.94663,2.12008,0.491477
18650,1.94496,2.12008,0.491477
18660,1.9433,2.12008,0.491477
18670,1.94164,2.11307,0.491477
18680,1.93998,2.11307,0.491477
18690,1.93833,2.11307,0.491477
18700,1.93667,2.1075,0.491551
18710,1.93502,2.1075,0.491551
18720,1.93337,2.1075,0.491551
18730,1.93173,2.10193,0.491551
18740,1.93008,2.10193,0.491551
18750,1.92844,2.10193,0.491551
18760,1.9268,2.10193,0.491551
18770,1.92516,2.09637,0.491551
18780,1.92353,2.09637,0.491551
18790,1.92189,2.09637,0.491551
18800,1.92026,2.09083,0.491771
18810,1.91863,2.09083,0.491771
18820,1.91701,2.09083,0.491771
18830,1.91538,2.08529,0.491771
18840,1.91376,2.08529,0.491771
18850,1.91214,2.08529,0.491771
18860,1.91053,2.07836,0.491771
18870,1.90891,2.07836,0.491771
18880,1.9073,2.07836,0.491771
18890,1.90569,2.07285,0.491877
18900,1.90408,2.07285,0.491877
18910,1.90248,2.07285,0.491877
18920,1.90088,2.06737,0.491877
18930,1.89928,2.06737,0.491877
18940,1.89768,2.06737,0.491877
18950,1.89608,2.06737,0.491877
18960,1.89449,2.06193,0.491877
18970,1.8929,2.06193,0.491877
18980,1.89131,2.06193,0.491877
18990,1.88973,2.05653,0.4916
19000,1.88814,2.05653,0.4916
19010,1.88656,2.05653,0.4916
19020,1.88498,2.05108,0.4916
19030,1.88341,2.05108,0.4916
19040,1.88183,2.05108,0.4916
19050,1.88026,2.04434,0.4916
19060,1.87869,2.04434,0.4916
19070,1.87713,2.04434,0.4916
19080,1.87557,2.03899,0.491367
19090,1.874,2.03899,0.491367
19100,1.87245,2.03899,0.491367
19110,1.87089,2.03899,0.491367
19120,1.86934,2.03363,0.491367
19130,1.86779,2.03363,0.491367
19140,1.86624,2.03363,0.491367
19150,1.86469,2.02826,0.491367
19160,1.86315,2.02826,0.491367
19170,1.86161,2.02826,0.491367
19180,1.86007,2.02163,0.491186
19190,1.85853,2.02163,0.491186
19200,1.857,2.02163,0.491186
19210,1.85547,2.01765,0.491186
19220,1.85394,2.01765,0.491186
19230,1.85242,2.01765,0.491186
19240,1.85089,2.01765,0.491186
19250,1.84937,2.01106,0.491186
19260,1.84786,2.01106,0.491186
19270,1.84634,2.01106,0.491186
19280,1.84483,2.00577,0.491287
19290,1.84332,2.00577,0.491287
19300,1.84181,2.00577,0.491287
19310,1.84031,2.00052,0.491287
19320,1.83881,2.00052,0.491287
19330,1.83731,2.00052,0.491287
19340,1.83581,1.99532,0.491287
19350,1.83432,1.99532,0.491287
19360,1.83283,1.99532,0.491287
19370,1.83134,1.99532,0.491287
19380,1.82985,1.99532,0.491287
19390,1.82837,1.9889,0.491403
19400,1.82689,1.9889,0.491403
19410,1.82541,1.9889,0.491403
19420,1.82394,1.98377,0.491403
19430,1.82246,1.98377,0.491403
19440,1.82099,1.98377,0.491403
19450,1.81953,1.98377,0.491403
19460,1.81806,1.97867,0.491403
19470,1.8166,1.97867,0.491403
19480,1.81514,1.97867,0.491403
19490,1.81369,1.97358,0.49098
19500,1.81223,1.97358,0.49098
19510,1.81078,1.97358,0.49098
19520,1.80934,1.96849,0.49098
19530,1.80789,1.96849,0.49098
19540,1.80645,1.96849,0.49098
19550,1.80501,1.96849,0.49098
19560,1.80357,1.96339,0.49098
19570,1.80214,1.96339,0.49098
19580,1.80071,1.96339,0.49098
19590,1.79928,1.95824,0.49141
19600,1.79785,1.95824,0.49141
19610,1.79643,1.95824,0.49141
19620,1.79501,1.95307,0.49141
19630,1.79359,1.95307,0.49141
19640,1.79218,1.95307,0.49141
19650,1.79077,1.94662,0.49141
19660,1.78936,1.94662,0.49141
19670,1.78795,1.94662,0.49141
19680,1.78655,1.94144,0.491893
19690,1.78515,1.94144,0.491893
19700,1.78375,1.94144,0.491893
19710,1.78236,1.94144,0.491893
19720,1.78097,1.93626,0.491893
19730,1.77958,1.93626,0.491893
19740,1.77819,1.93626,0.491893
19750,1.77681,1.9311,0.491893
19760,1.77543,1.9311,0.491893
19770,1.77406,1.9311,0.491893
19780,1.77268,1.92592,0.492073
19790,1.77131,1.92592,0.492073
19800,1.76994,1.92592,0.492073
19810,1.76858,1.92075,0.492073
19820,1.76721,1.92075,0.492073
19830,1.76585,1.92075,0.492073
19840,1.7645,1.92075,0.492073
19850,1.76314,1.91431,0.492073
19860,1.76179,1.91431,0.492073
19870,1.76045,1.91431,0.492073
19880,1.7591,1.90918,0.492003
19890,1.75776,1.90918,0.492003
19900,1.75642,1.90918,0.492003
19910,1.75509,1.90409,0.492003
19920,1.75375,1.90409,0.492003
19930,1.75242,1.90409,0.492003
19940,1.7511,1.89906,0.492003
19950,1.74977,1.89906,0.492003
19960,1.74845,1.89906,0.492003
19970,1.74713,1.89906,0.492003
19980,1.74582,1.89402,0.492072
19990,1.74451,1.89402,0.492072
20000,1.7432,1.89402,0.492072
20010,1.74189,1.88906,0.492072
20020,1.74059,1.88906,0.492072
20030,1.73929,1.88906,0.492072
20040,1.73799,1.88288,0.492072
20050,1.7367,1.88288,0.492072
20060,1.73541,1.88288,0.492072
20070,1.73412,1.87794,0.492514
20080,1.73284,1.87794,0.492514
20090,1.73156,1.87794,0.492514
20100,1.73028,1.87304,0.492514
20110,1.729,1.87304,0.492514
20120,1.72773,1.87304,0.492514
20130,1.72646,1.87304,0.492514
20140,1.72519,1.86814,0.492514
20150,1.72393,1.86814,0.492514
20160,1.72267,1.86814,0.492514
20170,1.72142,1.86332,0.492222
20180,1.72016,1.86332,0.492222
20190,1.71891,1.86332,0.492222
20200,1.71766,1.85853,0.492222
20210,1.71642,1.85853,0.492222
20220,1.71518,1.85853,0.492222
20230,1.71394,1.85853,0.492222
20240,1.71271,1.85259,0.492222
20250,1.71147,1.85259,0.492222
20260,1.71025,1.85259,0.492222
20270,1.70902,1.84785,0.491909
20280,1.7078,1.84785,0.491909
20290,1.70658,1.84785,0.491909
20300,1.70536,1.8431,0.491909
20310,1.70415,1.8431,0.491909
20320,1.70294,1.8431,0.491909
20330,1.70174,1.8384,0.491909
20340,1.70053,1.8384,0.491909
20350,1.69933,1.8384,0.491909
20360,1.69814,1.83375,0.491986
20370,1.69694,1.83375,0.491986
20380,1.69575,1.83375,0.491986
20390,1.69457,1.83375,0.491986
20400,1.69338,1.82908,0.491986
20410,1.6922,1.82908,0.491986
20420,1.69102,1.82908,0.491986
20430,1.68985,1.82329,0.491986
20440,1.68868,1.82329,0.491986
20450,1.68751,1.82329,0.491986
20460,1.68635,1.8187,0.492125
20470,1.68519,1.8187,0.492125
20480,1.68403,1.8187,0.492125
20490,1.68287,1.81416,0.492125
20500,1.68172,1.81416,0.492125
20510,1.68057,1.81416,0.492125
20520,1.67943,1.81416,0.492125
20530,1.67829,1.80966,0.492125
20540,1.67715,1.80966,0.492125
20550,1.67602,1.80966,0.492125
20560,1.67488,1.80408,0.492102
20570,1.67376,1.80408,0.492102
20580,1.67263,1.80408,0.492102
20590,1.67151,1.80075,0.492102
20600,1.67039,1.80075,0.492102
20610,1.66928,1.80075,0.492102
20620,1.66816,1.80075,0.492102
20630,1.66706,1.7952,0.492102
20640,1.66595,1.7952,0.492102
20650,1.66485,1.7952,0.492102
20660,1.66375,1.79078,0.492091
20670,1.66266,1.79078,0.492091
20680,1.66156,1.79078,0.492091
20690,1.66048,1.78638,0.492091
20700,1.65939,1.78638,0.492091
20710,1.65831,1.78638,0.492091
20720,1.65723,1.78196,0.492091
20730,1.65616,1.78196,0.492091
20740,1.65508,1.78196,0.492091
20750,1.65402,1.77756,0.492152
20760,1.65295,1.77756,0.492152
20770,1.65189,1.77756,0.492152
20780,1.65083,1.77321,0.492152
20790,1.64978,1.77321,0.492152
20800,1.64873,1.77321,0.492152
20810,1.64768,1.77321,0.492152
20820,1.64663,1.76779,0.492152
20830,1.64559,1.76779,0.492152
20840,1.64456,1.76779,0.492152
20850,1.64352,1.7635,0.492467
20860,1.64249,1.7635,0.492467
20870,1.64146,1.7635,0.492467
20880,1.64044,1.75925,0.492467
20890,1.63942,1.75925,0.492467
20900,1.6384,1.75925,0.492467
20910,1.63739,1.75925,0.492467
20920,1.63638,1.75504,0.492467
20930,1.63537,1.75504,0.492467
20940,1.63437,1.75504,0.492467
20950,1.63337,1.75084,0.492608
20960,1.63237,1.75084,0.492608
20970,1.63138,1.75084,0.492608
20980,1.63039,1.74664,0.492608
20990,1.62941,1.74664,0.492608
21000,1.62842,1.74664,0.492608
21010,1.62745,1.74138,0.492608
21020,1.62647,1.74138,0.492608
21030,1.6255,1.74138,0.492608
21040,1.62453,1.74138,0.492608
21050,1.62357,1.73722,0.49265
21060,1.6226,1.73722,0.49265
21070,1.62165,1.73722,0.49265
21080,1.62069,1.7331,0.49265
21090,1.61974,1.7331,0.49265
21100,1.61879,1.7331,0.49265
21110,1.61785,1.72908,0.49265
21120,1.61691,1.72908,0.49265
21130,1.61597,1.72908,0.49265
21140,1.61504,1.72908,0.49265
21150,1.61411,1.72508,0.492669
21160,1.61318,1.72508,0.492669
21170,1.61226,1.72508,0.492669
21180,1.61134,1.72114,0.492669
21190,1.61043,1.72114,0.492669
21200,1.60952,1.72114,0.492669
21210,1.60861,1.71623,0.492669
21220,1.6077,1.71623,0.492669
21230,1.6068,1.71623,0.492669
21240,1.6059,1.71231,0.49289
21250,1.60501,1.71231,0.49289
21260,1.60412,1.71231,0.49289
21270,1.60323,1.70844,0.49289
21280,1.60235,1.70844,0.49289
21290,1.60147,1.70844,0.49289
21300,1.60059,1.70844,0.49289
21310,1.59972,1.70462,0.49289
21320,1.59885,1.70462,0.49289
21330,1.59799,1.70462,0.49289
21340,1.59713,1.70081,0.49279
21350,1.59627,1.70081,0.49279
21360,1.59541,1.70081,0.49279
21370,1.59456,1.69704,0.49279
21380,1.59372,1.69704,0.49279
21390,1.59287,1.69704,0.49279
21400,1.59203,1.69239,0.49279
21410,1.5912,1.69239,0.49279
21420,1.59036,1.69239,0.49279
21430,1.58953,1.69239,0.49279
21440,1.58871,1.68873,0.492972
21450,1.58789,1.68873,0.492972
21460,1.58707,1.68873,0.492972
21470,1.58626,1.68516,0.492972
21480,1.58544,1.68516,0.492972
21490,1.58464,1.68516,0.492972
21500,1.58383,1.68162,0.492972
21510,1.58303,1.68162,0.492972
21520,1.58224,1.68162,0.492972
21530,1.58145,1.67813,0.492699
21540,1.58066,1.67813,0.492699
21550,1.57987,1.67813,0.492699
21560,1.57909,1.67469,0.492699
21570,1.57831,1.67469,0.492699
21580,1.57754,1.67469,0.492699
21590,1.57677,1.67469,0.492699
21600,1.576,1.67043,0.492699
21610,1.57524,1.67043,0.492699
21620,1.57448,1.67043,0.492699
21630,1.57372,1.66712,0.492356
21640,1.57297,1.66712,0.492356
21650,1.57222,1.66712,0.492356
21660,1.57148,1.66388,0.492356
21670,1.57074,1.66388,0.492356
21680,1.57,1.66388,0.492356
21690,1.56927,1.66068,0.492356
21700,1.56854,1.66068,0.492356
21710,1.56781,1.66068,0.492356
21720,1.56709,1.65751,0.492176
21730,1.56637,1.65751,0.492176
21740,1.56566,1.65751,0.492176
21750,1.56495,1.65435,0.492176
21760,1.56424,1.65435,0.492176
21770,1.56354,1.65435,0.492176
21780,1.56284,1.65435,0.492176
21790,1.56214,1.65041,0.492176
21800,1.56145,1.65041,0.492176
21810,1.56076,1.65041,0.492176
21820,1.56008,1.64728,0.492346
21830,1.5594,1.64728,0.492346
21840,1.55872,1.64728,0.492346
21850,1.55804,1.64416,0.492346
21860,1.55738,1.64416,0.492346
21870,1.55671,1.64416,0.492346
21880,1.55605,1.6411,0.492346
21890,1.55539,1.6411,0.492346
21900,1.55473,1.6411,0.492346
21910,1.55408,1.6411,0.492346
21920,1.55344,1.63806,0.492557
21930,1.55279,1.63806,0.492557
21940,1.55215,1.63806,0.492557
21950,1.55152,1.63507,0.492557
21960,1.55089,1.63507,0.492557
21970,1.55026,1.63507,0.492557
21980,1.54963,1.63139,0.492557
21990,1.54901,1.63139,0.492557
22000,1.5484,1.63139,0.492557
22010,1.54779,1.62849,0.492689
22020,1.54718,1.62849,0.492689
22030,1.54657,1.62849,0.492689
22040,1.54597,1.62565,0.492689
22050,1.54537,1.62565,0.492689
22060,1.54478,1.62565,0.492689
22070,1.54419,1.62565,0.492689
22080,1.5436,1.62287,0.492689
22090,1.54302,1.62287,0.492689
22100,1.54244,1.62287,0.492689
22110,1.54187,1.62013,0.492521
22120,1.5413,1.62013,0.492521
22130,1.54073,1.62013,0.492521
22140,1.54017,1.61739,0.492521
22150,1.53961,1.61739,0.492521
22160,1.53905,1.61739,0.492521
22170,1.5385,1.61402,0.492521
22180,1.53795,1.61402,0.492521
22190,1.53741,1.61402,0.492521
22200,1.53687,1.61136,0.492699
22210,1.53633,1.61136,0.492699
22220,1.5358,1.61136,0.492699
22230,1.53527,1.60876,0.492699
22240,1.53475,1.60876,0.492699
22250,1.53423,1.60876,0.492699
22260,1.53371,1.60876,0.492699
22270,1.5332,1.60621,0.492699
22280,1.53269,1.60621,0.492699
22290,1.53218,1.60621,0.492699
22300,1.53168,1.60369,0.492709
22310,1.53118,1.60369,0.492709
22320,1.53069,1.60369,0.492709
22330,1.5302,1.60122,0.492709
22340,1.52971,1.60122,0.492709
22350,1.52923,1.60122,0.492709
22360,1.52875,1.60122,0.492709
22370,1.52828,1.5982,0.492709
22380,1.52781,1.5982,0.492709
22390,1.52734,1.5982,0.492709
22400,1.52688,1.59579,0.492425
22410,1.52642,1.59579,0.492425
22420,1.52597,1.59579,0.492425
22430,1.52552,1.5934,0.492425
22440,1.52507,1.5934,0.492425
22450,1.52463,1.5934,0.492425
22460,1.52419,1.59101,0.492425
22470,1.52375,1.59101,0.492425
22480,1.52332,1.59101,0.492425
22490,1.52289,1.58866,0.492723
22500,1.52247,1.58866,0.492723
22510,1.52205,1.58866,0.492723
22520,1.52163,1.58633,0.492723
22530,1.52122,1.58633,0.492723
22540,1.52081,1.58633,0.492723
22550,1.52041,1.58633,0.492723
22560,1.52001,1.58348,0.492723
22570,1.51961,1.58348,0.492723
22580,1.51922,1.58348,0.492723
22590,1.51883,1.58123,0.49278
22600,1.51845,1.58123,0.49278
22610,1.51807,1.58123,0.49278
22620,1.51769,1.57902,0.49278
22630,1.51732,1.57902,0.49278
22640,1.51695,1.57902,0.49278
22650,1.51659,1.5769,0.49278
22660,1.51623,1.5769,0.49278
22670,1.51587,1.5769,0.49278
22680,1.51552,1.57479,0.492753
22690,1.51517,1.57479,0.492753
22700,1.51482,1.57479,0.492753
22710,1.51448,1.57479,0.492753
22720,1.51414,1.57274,0.492753
22730,1.51381,1.57274,0.492753
22740,1.51348,1.57274,0.492753
22750,1.51316,1.57024,0.492753
22760,1.51283,1.57024,0.492753
22770,1.51252,1.57024,0.492753
22780,1.5122,1.56829,0.492561
22790,1.51189,1.56829,0.492561
22800,1.51159,1.56829,0.492561
22810,1.51129,1.56639,0.492561
22820,1.51099,1.56639,0.492561
22830,1.5107,1.56639,0.492561
22840,1.51041,1.56639,0.492561
22850,1.51012,1.56448,0.492561
22860,1.50984,1.56448,0.492561
22870,1.50956,1.56448,0.492561
22880,1.50929,1.56258,0.49248
22890,1.50902,1.56258,0.49248
22900,1.50875,1.56258,0.49248
22910,1.50849,1.56073,0.49248
22920,1.50823,1.56073,0.49248
22930,1.50798,1.56073,0.49248
22940,1.50773,1.55845,0.49248
22950,1.50748,1.55845,0.49248
22960,1.50724,1.55845,0.49248
22970,1.507,1.55667,0.492234
22980,1.50677,1.55667,0.492234
22990,1.50654,1.55667,0.492234
23000,1.50631,1.55498,0.492234
23010,1.50609,1.55498,0.492234
23020,1.50587,1.55498,0.492234
23030,1.50565,1.55498,0.492234
23040,1.50544,1.55337,0.492234
23050,1.50524,1.55337,0.492234
23060,1.50503,1.55337,0.492234
23070,1.50484,1.55181,0.492185
23080,1.50464,1.55181,0.492185
23090,1.50445,1.55181,0.492185
23100,1.50426,1.55029,0.492185
23110,1.50408,1.55029,0.492185
23120,1.5039,1.55029,0.492185
23130,1.50373,1.55029,0.492185
23140,1.50356,1.54843,0.492185
23150,1.50339,1.54843,0.492185
23160,1.50323,1.54843,0.492185
23170,1.50307,1.54697,0.492121
23180,1.50292,1.54697,0.492121
23190,1.50277,1.54697,0.492121
23200,1.50262,1.54552,0.492121
23210,1.50248,1.54552,0.492121
23220,1.50234,1.54552,0.492121
23230,1.5022,1.54409,0.492121
23240,1.50207,1.54409,0.492121
23250,1.50195,1.54409,0.492121
23260,1.50182,1.54273,0.492091
23270,1.5017,1.54273,0.492091
23280,1.50159,1.54273,0.492091
23290,1.50148,1.5414,0.492091
23300,1.50137,1.5414,0.492091
23310,1.50127,1.5414,0.492091
23320,1.50117,1.5414,0.492091
23330,1.50108,1.53981,0.492091
23340,1.50099,1.53981,0.492091
23350,1.5009,1.53981,0.492091
23360,1.50082,1.53861,0.492113
23370,1.50074,1.53861,0.492113
23380,1.50066,1.53861,0.492113
23390,1.50059,1.53744,0.492113
23400,1.50052,1.53744,0.492113
23410,1.50046,1.53744,0.492113
23420,1.5004,1.53629,0.492113
23430,1.50035,1.53629,0.492113
23440,1.5003,1.53629,0.492113
23450,1.50025,1.53629,0.492113
23460,1.50021,1.53511,0.492396
23470,1.50017,1.53511,0.492396
23480,1.50013,1.53511,0.492396
23490,1.5001,1.53391,0.492396
23500,1.50008,1.53391,0.492396
23510,1.50005,1.53391,0.492396
23520,1.50004,1.5324,0.492396
23530,1.50002,1.5324,0.492396
23540,1.50001,1.5324,0.492396
23550,1.5,1.53121,0.492789
23560,1.5,1.53121,0.492789
23570,1.5,1.53121,0.492789
23580,1.50001,1.53008,0.492789
23590,1.50002,1.53008,0.492789
23600,1.50003,1.53008,0.492789
23610,1.50005,1.53008,0.492789
23620,1.50007,1.529,0.492789
23630,1.50009,1.529,0.492789
23640,1.50012,1.529,0.492789
23650,1.50016,1.52801,0.492577
23660,1.50019,1.52801,0.492577
23670,1.50023,1.52801,0.492577
23680,1.50028,1.52707,0.492577
23690,1.50033,1.52707,0.492577
23700,1.50038,1.52707,0.492577
23710,1.50044,1.52593,0.492577
23720,1.5005,1.52593,0.492577
23730,1.50056,1.52593,0.492577
23740,1.50063,1.52505,0.492757
23750,1.50071,1.52505,0.492757
23760,1.50078,1.52505,0.492757
23770,1.50087,1.52419,0.492757
23780,1.50095,1.52419,0.492757
23790,1.50104,1.52419,0.492757
23800,1.50113,1.52419,0.492757
23810,1.50123,1.52331,0.492757
23820,1.50133,1.52331,0.492757
23830,1.50144,1.52331,0.492757
23840,1.50155,1.52246,0.49291
23850,1.50166,1.52246,0.49291
23860,1.50178,1.52246,0.49291
23870,1.5019,1.52164,0.49291
23880,1.50202,1.52164,0.49291
23890,1.50215,1.52164,0.49291
23900,1.50228,1.52164,0.49291
23910,1.50242,1.52063,0.49291
23920,1.50256,1.52063,0.49291
23930,1.50271,1.52063,0.49291
23940,1.50286,1.51988,0.493014
23950,1.50301,1.51988,0.493014
23960,1.50317,1.51988,0.493014
23970,1.50333,1.51916,0.493014
23980,1.50349,1.51916,0.493014
23990,1.50366,1.51916,0.493014
24000,1.50384,1.51851,0.493014
24010,1.50401,1.51851,0.493014
24020,1.50419,1.51851,0.493014
24030,1.50438,1.51776,0.492799
24040,1.50457,1.51776,0.492799
24050,1.50476,1.51776,0.492799
24060,1.50496,1.51736,0.492799
24070,1.50516,1.51736,0.492799
24080,1.50536,1.51736,0.492799
24090,1.50557,1.51736,0.492799
24100,1.50578,1.51674,0.492799
24110,1.506,1.51674,0.492799
24120,1.50622,1.51674,0.492799
24130,1.50645,1.51633,0.49248
24140,1.50668,1.51633,0.49248
24150,1.50691,1.51633,0.49248
24160,1.50714,1.516,0.49248
24170,1.50739,1.516,0.49248
24180,1.50763,1.516,0.49248
24190,1.50788,1.51569,0.49248
24200,1.50813,1.51569,0.49248
24210,1.50839,1.51569,0.49248
24220,1.50865,1.51569,0.492375
24230,1.50891,1.51541,0.492375
24240,1.50918,1.51541,0.492375
24250,1.50945,1.51541,0.492375
24260,1.50973,1.51516,0.492375
24270,1.51001,1.51516,0.492375
24280,1.51029,1.51516,0.492375
24290,1.51058,1.51485,0.492375
24300,1.51087,1.51485,0.492375
24310,1.51117,1.51485,0.492375
24320,1.51147,1.5146,0.492818
24330,1.51178,1.5146,0.492818
24340,1.51208,1.5146,0.492818
24350,1.51239,1.51436,0.492818
24360,1.51271,1.51436,0.492818
24370,1.51303,1.51436,0.492818
24380,1.51335,1.51436,0.492818
24390,1.51368,1.51418,0.492818
24400,1.51401,1.51418,0.492818
24410,1.51435,1.51418,0.492818
24420,1.51469,1.51405,0.492718
24430,1.51503,1.51405,0.492718
24440,1.51538,1.51405,0.492718
24450,1.51573,1.51401,0.492718
24460,1.51609,1.51401,0.492718
24470,1.51645,1.51401,0.492718
24480,1.51681,1.51405,0.492718
24490,1.51718,1.51405,0.492718
24500,1.51755,1.51405,0.492718
24510,1.51792,1.51414,0.492421
24520,1.5183,1.51414,0.492421
24530,1.51868,1.51414,0.492421
24540,1.51907,1.51425,0.492421
24550,1.51946,1.51425,0.492421
24560,1.51986,1.51425,0.492421
24570,1.52025,1.51425,0.492421
24580,1.52066,1.51435,0.492421
24590,1.52106,1.51435,0.492421
24600,1.52147,1.51435,0.492421
24610,1.52189,1.51448,0.492707
24620,1.52231,1.51448,0.492707
24630,1.52273,1.51448,0.492707
24640,1.52315,1.51462,0.492707
24650,1.52358,1.51462,0.492707
24660,1.52402,1.51462,0.492707
24670,1.52446,1.51483,0.492707
24680,1.5249,1.51483,0.492707
24690,1.52534,1.51483,0.492707
24700,1.52579,1.51483,0.492994
24710,1.52624,1.51498,0.492994
24720,1.5267,1.51498,0.492994
24730,1.52716,1.51498,0.492994
24740,1.52763,1.51515,0.492994
24750,1.5281,1.51515,0.492994
24760,1.52857,1.51515,0.492994
24770,1.52905,1.51539,0.492994
24780,1.52953,1.51539,0.492994
24790,1.53001,1.51539,0.492994
24800,1.5305,1.51562,0.492964
24810,1.53099,1.51562,0.492964
24820,1.53149,1.51562,0.492964
24830,1.53199,1.51585,0.492964
24840,1.53249,1.51585,0.492964
24850,1.533,1.51585,0.492964
24860,1.53351,1.51585,0.492964
24870,1.53403,1.51615,0.492964
24880,1.53454,1.51615,0.492964
24890,1.53507,1.51615,0.492964
24900,1.53559,1.51638,0.492973
24910,1.53613,1.51638,0.492973
24920,1.53666,1.51638,0.492973
24930,1.5372,1.51664,0.492973
24940,1.53774,1.51664,0.492973
24950,1.53829,1.51664,0.492973
24960,1.53884,1.51694,0.492973
24970,1.53939,1.51694,0.492973
24980,1.53995,1.51694,0.492973
24990,1.54051,1.51728,0.49285
25000,1.54108,1.51728,0.49285
25010,1.54164,1.51728,0.49285
25020,1.54222,1.51728,0.49285
25030,1.54279,1.51728,0.49285
25040,1.54338,1.51728,0.49285
25050,1.54396,1.51765,0.49285
25060,1.54455,1.51765,0.49285
25070,1.54514,1.51765,0.49285
25080,1.54574,1.51765,0.49285
25090,1.54634,1.51813,0.49285
25100,1.54694,1.51813,0.49285
25110,1.54755,1.51813,0.49285
25120,1.54816,1.51853,0.493414
25130,1.54877,1.51853,0.493414
25140,1.54939,1.51853,0.493414
25150,1.55002,1.51895,0.493414
25160,1.55064,1.51895,0.493414
25170,1.55127,1.51895,0.493414
25180,1.55191,1.51942,0.493414
25190,1.55254,1.51942,0.493414
25200,1.55319,1.51942,0.493414
25210,1.55383,1.51996,0.493324
25220,1.55448,1.51996,0.493324
25230,1.55513,1.51996,0.493324
25240,1.55579,1.51996,0.493324
25250,1.55645,1.52056,0.493324
25260,1.55712,1.52056,0.493324
25270,1.55778,1.52056,0.493324
25280,1.55846,1.52133,0.493324
25290,1.55913,1.52133,0.493324
25300,1.55981,1.52133,0.493324
25310,1.56049,1.52202,0.49337
25320,1.56118,1.52202,0.49337
25330,1.56187,1.52202,0.49337
25340,1.56257,1.52278,0.49337
25350,1.56326,1.52278,0.49337
25360,1.56397,1.52278,0.49337
25370,1.56467,1.52278,0.49337
25380,1.56538,1.52358,0.49337
25390,1.56609,1.52358,0.49337
25400,1.56681,1.52358,0.49337
25410,1.56753,1.52446,0.493271
25420,1.56826,1.52446,0.493271
25430,1.56898,1.52446,0.493271
25440,1.56972,1.52539,0.493271
25450,1.57045,1.52539,0.493271
25460,1.57119,1.52539,0.493271
25470,1.57193,1.5266,0.493271
25480,1.57268,1.5266,0.493271
25490,1.57343,1.5266,0.493271
25500,1.57419,1.5266,0.493468
25510,1.57494,1.52759,0.493468
25520,1.5757,1.52759,0.493468
25530,1.57647,1.52759,0.493468
25540,1.57724,1.52863,0.493468
25550,1.57801,1.52863,0.493468
25560,1.57879,1.52863,0.493468
25570,1.57957,1.52967,0.493468
25580,1.58035,1.52967,0.493468
25590,1.58114,1.52967,0.493468
25600,1.58193,1.53076,0.493814
25610,1.58272,1.53076,0.493814
25620,1.58352,1.53076,0.493814
25630,1.58432,1.53198,0.493814
25640,1.58513,1.53198,0.493814
25650,1.58594,1.53198,0.493814
25660,1.58675,1.53198,0.493814
25670,1.58757,1.53361,0.493814
25680,1.58839,1.53361,0.493814
25690,1.58921,1.53361,0.493814
25700,1.59004,1.53496,0.493649
25710,1.59087,1.53496,0.493649
25720,1.59171,1.53496,0.493649
25730,1.59255,1.53631,0.493649
25740,1.59339,1.53631,0.493649
25750,1.59423,1.53631,0.493649
25760,1.59508,1.53631,0.493649
25770,1.59594,1.5377,0.493649
25780,1.59679,1.5377,0.493649
25790,1.59765,1.5377,0.493649
25800,1.59852,1.53915,0.493464
25810,1.59938,1.53915,0.493464
25820,1.60025,1.53915,0.493464
25830,1.60113,1.54066,0.493464
25840,1.60201,1.54066,0.493464
25850,1.60289,1.54066,0.493464
25860,1.60377,1.5426,0.493464
25870,1.60466,1.5426,0.493464
25880,1.60556,1.5426,0.493464
25890,1.60645,1.54419,0.493426
25900,1.60735,1.54419,0.493426
25910,1.60826,1.54419,0.493426
25920,1.60916,1.54419,0.493426
25930,1.61007,1.54584,0.493426
25940,1.61099,1.54584,0.493426
25950,1.6119,1.54584,0.493426
25960,1.61283,1.54756,0.493426
25970,1.61375,1.54756,0.493426
25980,1.61468,1.54756,0.493426
25990,1.61561,1.54934,0.493396
26000,1.61655,1.54934,0.493396
26010,1.61748,1.54934,0.493396
26020,1.61843,1.55119,0.493396
26030,1.61937,1.55119,0.493396
26040,1.62032,1.55119,0.493396
26050,1.62127,1.55119,0.493396
26060,1.62223,1.55359,0.493396
26070,1.62319,1.55359,0.493396
26080,1.62415,1.55359,0.493396
26090,1.62512,1.55559,0.492909
26100,1.62609,1.55559,0.492909
26110,1.62707,1.55559,0.492909
26120,1.62804,1.55761,0.492909
26130,1.62902,1.55761,0.492909
26140,1.63001,1.55761,0.492909
26150,1.631,1.55761,0.492909
26160,1.63199,1.55969,0.492909
26170,1.63298,1.55969,0.492909
26180,1.63398,1.55969,0.492909
26190,1.63498,1.56181,0.492877
26200,1.63599,1.56181,0.492877
26210,1.637,1.56181,0.492877
26220,1.63801,1.56397,0.492877
26230,1.63902,1.56397,0.492877
26240,1.64004,1.56397,0.492877
26250,1.64107,1.56672,0.492877
26260,1.64209,1.56672,0.492877
26270,1.64312,1.56672,0.492877
26280,1.64415,1.569,0.492582
26290,1.64519,1.569,0.492582
26300,1.64623,1.569,0.492582
26310,1.64727,1.57129,0.492582
26320,1.64832,1.57129,0.492582
26330,1.64937,1.57129,0.492582
26340,1.65042,1.57129,0.492582
26350,1.65148,1.57367,0.492582
26360,1.65254,1.57367,0.492582
26370,1.6536,1.57367,0.492582
26380,1.65467,1.57613,0.492582
26390,1.65574,1.57613,0.492582
26400,1.65681,1.57613,0.492582
26410,1.65789,1.57862,0.492582
26420,1.65897,1.57862,0.492582
26430,1.66005,1.57862,0.492582
26440,1.66114,1.57862,0.492582
26450,1.66223,1.58178,0.492582
26460,1.66332,1.58178,0.492582
26470,1.66442,1.58178,0.492582
26480,1.66552,1.58436,0.492489
26490,1.66663,1.58436,0.492489
26500,1.66773,1.58436,0.492489
26510,1.66884,1.587,0.492489
26520,1.66996,1.587,0.492489
26530,1.67107,1.587,0.492489
26540,1.67219,1.58964,0.492489
26550,1.67332,1.58964,0.492489
26560,1.67444,1.58964,0.492489
26570,1.67558,1.58964,0.492489
26580,1.67671,1.59229,0.492386
26590,1.67785,1.59229,0.492386
26600,1.67899,1.59229,0.492386
26610,1.68013,1.59493,0.492386
26620,1.68128,1.59493,0.492386
26630,1.68243,1.59493,0.492386
26640,1.68358,1.5983,0.492386
26650,1.68474,1.5983,0.492386
26660,1.6859,1.5983,0.492386
26670,1.68706,1.60105,0.49249
26680,1.68823,1.60105,0.49249
26690,1.68939,1.60105,0.49249
26700,1.69057,1.60387,0.49249
26710,1.69174,1.60387,0.49249
26720,1.69292,1.60387,0.49249
26730,1.69411,1.60387,0.49249
26740,1.69529,1.60746,0.49249
26750,1.69648,1.60746,0.49249
26760,1.69767,1.60746,0.49249
26770,1.69887,1.60964,0.492337
26780,1.70007,1.60964,0.492337
26790,1.70127,1.60964,0.492337
26800,1.70247,1.61258,0.492337
26810,1.70368,1.61258,0.492337
26820,1.70489,1.61258,0.492337
26830,1.70611,1.61258,0.492337
26840,1.70732,1.6163,0.492337
26850,1.70855,1.6163,0.492337
26860,1.70977,1.6163,0.492337
26870,1.711,1.61932,0.492532
26880,1.71223,1.61932,0.492532
26890,1.71346,1.61932,0.492532
26900,1.7147,1.62236,0.492532
26910,1.71594,1.62236,0.492532
26920,1.71718,1.62236,0.492532
26930,1.71843,1.62547,0.492532
26940,1.71968,1.62547,0.492532
26950,1.72093,1.62547,0.492532
26960,1.72218,1.62547,0.492532
26970,1.72344,1.6286,0.492498
26980,1.7247,1.6286,0.492498
26990,1.72597,1.6286,0.492498
27000,1.72724,1.63181,0.492498
27010,1.72851,1.63181,0.492498
27020,1.72978,1.63181,0.492498
27030,1.73106,1.63588,0.492498
27040,1.73234,1.63588,0.492498
27050,1.73362,1.63588,0.492498
27060,1.73491,1.63919,0.492234
27070,1.7362,1.63919,0.492234
27080,1.73749,1.63919,0.492234
27090,1.73878,1.6425,0.492234
27100,1.74008,1.6425,0.492234
27110,1.74138,1.6425,0.492234
27120,1.74269,1.6425,0.492234
27130