0,-2,1.5,0.1,-2.5185,1.01474,0.175909,-0.594984,-0.34906,-0.158078
10,-1.995,1.5,0.1,-2.51797,1.01351,0.175816,-0.465376,-0.292858,-0.323616
20,-1.99,1.5,0.1,-2.51674,1.01271,0.174995,-0.342799,-0.314001,-0.293985
30,-1.985,1.5,0.1,-2.51567,1.01202,0.174495,-0.2963,-0.298537,-0.2762
40,-1.98,1.5,0.1,-2.51483,1.01149,0.174642,-0.219182,-0.293534,-0.270201
50,-1.975,1.5,0.1,-2.51384,1.01095,0.174549,-0.187534,-0.288041,-0.26613
60,-1.97,1.5,0.1,-2.5127,1.01035,0.174237,-0.217159,-0.314594,-0.259567
70,-1.965,1.5,0.1,-2.51167,1.00982,0.174131,-0.24783,-0.299874,-0.234644
80,-1.96,1.5,0.1,-2.51077,1.0092,0.174018,-0.310043,-0.252504,-0.228462
90,-1.955,1.5,0.1,-2.50962,1.00879,0.173355,-0.372852,-0.269525,-0.236849
100,-1.95,1.5,0.1,-2.50878,1.00808,0.173118,-0.300455,-0.218401,-0.23391
110,-1.945,1.5,0.1,-2.5077,1.00749,0.17248,-0.32208,-0.253778,-0.197766
120,-1.94,1.5,0.1,-2.50686,1.00682,0.172427,-0.400047,-0.164838,-0.213334
130,-1.935,1.5,0.1,-2.50584,1.00617,0.17214,-0.418234,-0.155974,-0.217193
140,-1.93,1.5,0.1,-2.5049,1.00567,0.171951,-0.268998,-0.101384,-0.148562
150,-1.925,1.5,0.1,-2.50408,1.00487,0.172025,-0.27524,-0.02934,-0.171689
160,-1.92,1.5,0.1,-2.50337,1.0044,0.171981,-0.332266,0.050482,-0.198889
170,-1.915,1.5,0.1,-2.50256,1.00389,0.171906,-0.335274,0.0989124,-0.211025
180,-1.91,1.5,0.1,-2.50173,1.00336,0.171657,-0.333618,0.17941,-0.239781
190,-1.905,1.5,0.1,-2.50094,1.00288,0.171673,-0.270267,0.309808,-0.205146
200,-1.9,1.5,0.1,-2.5,1.00227,0.171475,-0.229278,0.35232,-0.195307
210,-1.895,1.5,0.1,-2.49913,1.00176,0.171321,-0.239211,0.373706,-0.168059
220,-1.89,1.5,0.1,-2.49818,1.00118,0.171148,-0.17121,0.333986,-0.144769
230,-1.885,1.5,0.1,-2.4972,1.00053,0.170898,-0.291158,0.359016,-0.204785
240,-1.88,1.5,0.1,-2.49637,1.00005,0.170535,-0.145425,0.295708,-0.169397
250,-1.875,1.5,0.1,-2.49559,0.99962,0.170677,-0.0897087,0.250585,-0.153558
260,-1.87,1.5,0.1,-2.49461,0.999294,0.170556,-0.170504,0.178107,-0.141649
270,-1.865,1.5,0.1,-2.49333,0.99924,0.170882,-0.41795,0.164645,0.0232426
280,-1.86,1.5,0.1,-2.49282,0.998031,0.169932,-0.00842551,0.151773,-0.161954
290,-1.855,1.5,0.1,-2.49192,0.997648,0.169695,0.0264539,0.157896,-0.106743
300,-1.85,1.5,0.1,-2.49119,0.997044,0.16999,-0.0565104,0.22781,-0.155597
310,-1.845,1.5,0.1,-2.49046,0.996617,0.17001,-0.0818533,0.271077,-0.161686
320,-1.84,1.5,0.1,-2.48928,0.996382,0.169491,-0.326926,0.186542,-0.212411
330,-1.835,1.5,0.1,-2.48856,0.995662,0.169915,-0.121987,0.300221,-0.191786
340,-1.83,1.5,0.1,-2.48767,0.995136,0.170117,-0.112916,0.373262,-0.180405
350,-1.825,1.5,0.1,-2.48664,0.994737,0.170009,-0.15855,0.339833,-0.151216
360,-1.82,1.5,0.1,-2.48573,0.994459,0.169993,-0.199459,0.307882,-0.154015
370,-1.815,1.5,0.1,-2.4849,0.994099,0.170145,-0.170171,0.303151,-0.163798
380,-1.81,1.5,0.1,-2.48398,0.993625,0.169964,-0.208026,0.242122,-0.193438
390,-1.805,1.5,0.1,-2.48317,0.993245,0.170057,-0.16753,0.249624,-0.198522
400,-1.8,1.5,0.1,-2.48222,0.992767,0.170209,-0.274398,0.251906,-0.194725
410,-1.795,1.5,0.1,-2.48117,0.992542,0.169952,-0.239172,0.129689,-0.16188
420,-1.79,1.5,0.1,-2.48023,0.992235,0.169799,-0.230107,0.111452,-0.14919
430,-1.785,1.5,0.1,-2.47939,0.991914,0.169854,-0.227317,0.112385,-0.128258
440,-1.78,1.5,0.1,-2.47855,0.991377,0.169763,-0.0435269,0.110898,-0.110209
450,-1.775,1.5,0.1,-2.47781,0.991133,0.169659,-0.111854,0.117979,-0.132082
460,-1.77,1.5,0.1,-2.47691,0.990674,0.169681,-0.203494,0.10466,-0.154653
470,-1.765,1.5,0.1,-2.47622,0.990313,0.170008,-0.0946633,0.1568,-0.112345
480,-1.76,1.5,0.1,-2.47555,0.989809,0.170539,-0.0951579,0.30901,-0.119289
490,-1.755,1.5,0.1,-2.47444,0.989748,0.169813,-0.151932,0.185248,-0.126924
500,-1.75,1.5,0.1,-2.47368,0.989297,0.170317,-0.0262365,0.308214,-0.144331
510,-1.745,1.5,0.1,-2.47279,0.989177,0.170707,-0.108359,0.392546,-0.0519032
520,-1.74,1.5,0.1,-2.47219,0.988493,0.170644,0.163385,0.454495,-0.141364
530,-1.735,1.5,0.1,-2.47137,0.98834,0.170601,0.0872458,0.492492,-0.146939
540,-1.73,1.5,0.1,-2.47054,0.988189,0.170654,0.0665667,0.582556,-0.170007
550,-1.725,1.5,0.1,-2.46978,0.987885,0.170713,0.0294762,0.665654,-0.166149
560,-1.72,1.5,0.1,-2.46887,0.987606,0.170705,0.0434473,0.741268,-0.176359
570,-1.715,1.5,0.1,-2.4679,0.987361,0.170719,-0.111689,0.749558,-0.187901
580,-1.71,1.5,0.1,-2.46699,0.98717,0.170652,-0.150303,0.771272,-0.215179
590,-1.705,1.5,0.1,-2.46609,0.986857,0.170568,-0.20185,0.810741,-0.217729
600,-1.7,1.5,0.1,-2.46511,0.986981,0.170953,-0.399446,0.873557,-0.126131
610,-1.695,1.5,0.1,-2.46425,0.986594,0.170458,-0.250404,0.879779,-0.195496
620,-1.69,1.5,0.1,-2.46334,0.986387,0.170561,-0.282678,0.870749,-0.168086
630,-1.685,1.5,0.1,-2.46235,0.986073,0.17044,-0.293802,0.929174,-0.160632
640,-1.68,1.5,0.1,-2.46146,0.985833,0.170506,-0.437013,0.980952,-0.207913
650,-1.675,1.5,0.1,-2.46043,0.985489,0.170011,-0.385664,1.01759,-0.212542
660,-1.67,1.5,0.1,-2.4597,0.985181,0.170489,-0.562186,1.14341,-0.264068
670,-1.665,1.5,0.1,-2.45872,0.985186,0.170099,-0.558284,1.13993,-0.231709
680,-1.66,1.5,0.1,-2.45767,0.984908,0.169872,-0.602308,1.19349,-0.23225
690,-1.655,1.5,0.1,-2.45674,0.984616,0.169845,-0.547599,1.32525,-0.205516
700,-1.65,1.5,0.1,-2.45564,0.984362,0.169494,-0.613401,1.30946,-0.229264
710,-1.645,1.5,0.1,-2.45463,0.984008,0.169311,-0.587131,1.40923,-0.253681
720,-1.64,1.5,0.1,-2.45375,0.983702,0.16941,-0.620982,1.53803,-0.283055
730,-1.635,1.5,0.1,-2.45254,0.983617,0.168839,-0.591834,1.4608,-0.273077
740,-1.63,1.5,0.1,-2.45146,0.98321,0.16887,-0.654903,1.58647,-0.302272
750,-1.625,1.5,0.1,-2.45023,0.983105,0.168634,-0.554304,1.57982,-0.252013
760,-1.62,1.5,0.1,-2.44911,0.982704,0.168592,-0.528659,1.61991,-0.254644
770,-1.615,1.5,0.1,-2.44793,0.982373,0.168429,-0.442373,1.6373,-0.264324
780,-1.61,1.5,0.1,-2.44675,0.982132,0.168253,-0.445003,1.62635,-0.263265
790,-1.605,1.5,0.1,-2.44549,0.981852,0.168226,-0.393572,1.62582,-0.251286
800,-1.6,1.5,0.1,-2.44295,0.981335,0.16838,-0.281927,1.57871,-0.22379
810,-1.595,1.5,0.1,-2.44159,0.980945,0.1682,-0.234832,1.57573,-0.247115
820,-1.59,1.5,0.1,-2.44014,0.980974,0.168371,-0.405149,1.5176,-0.178348
830,-1.585,1.5,0.1,-2.43877,0.980535,0.167988,-0.2594,1.42635,-0.273886
840,-1.58,1.5,0.1,-2.43731,0.980275,0.16795,-0.251647,1.3682,-0.272064
850,-1.575,1.5,0.1,-2.43604,0.980076,0.168288,-0.363268,1.44625,-0.295127
860,-1.57,1.5,0.1,-2.43465,0.979755,0.168008,-0.331191,1.39403,-0.315832
870,-1.565,1.5,0.1,-2.43318,0.97966,0.167811,-0.397544,1.35395,-0.334881
880,-1.56,1.5,0.1,-2.43118,0.979945,0.167723,-0.511922,1.18831,-0.153427
890,-1.555,1.5,0.1,-2.42991,0.979498,0.167182,-0.350116,1.24358,-0.240492
900,-1.55,1.5,0.1,-2.42862,0.979181,0.167331,-0.445223,1.31244,-0.292706
910,-1.545,1.5,0.1,-2.42712,0.97881,0.167257,-0.410069,1.28856,-0.357189
920,-1.54,1.5,0.1,-2.42554,0.978901,0.16697,-0.581478,1.25922,-0.320628
930,-1.535,1.5,0.1,-2.42392,0.978808,0.166988,-0.617675,1.27407,-0.308246
940,-1.53,1.5,0.1,-2.42242,0.97859,0.166879,-0.588394,1.32521,-0.306873
950,-1.525,1.5,0.1,-2.4209,0.978461,0.166909,-0.566359,1.3159,-0.314088
960,-1.52,1.5,0.1,-2.41908,0.978114,0.166501,-0.470796,1.24555,-0.339803
970,-1.515,1.5,0.1,-2.41735,0.977991,0.166334,-0.466428,1.20102,-0.305653
980,-1.51,1.5,0.1,-2.41559,0.977885,0.166448,-0.568031,1.25326,-0.224225
990,-1.505,1.5,0.1,-2.41401,0.977636,0.166712,-0.663193,1.25708,-0.266714
1000,-1.5,1.5,0.1,-2.41243,0.977305,0.166483,-0.411982,1.25283,-0.294286
1010,-1.495,1.5,0.1,-2.41056,0.976926,0.16624,-0.355672,1.23786,-0.310537
1020,-1.49,1.5,0.1,-2.40889,0.976684,0.1662,-0.311808,1.20356,-0.342892
1030,-1.485,1.5,0.1,-2.40724,0.976349,0.166438,-0.341556,1.30409,-0.364014
1040,-1.48,1.5,0.1,-2.40525,0.976301,0.166125,-0.238643,1.21536,-0.324007
1050,-1.475,1.5,0.1,-2.40354,0.976087,0.166415,-0.323401,1.36331,-0.353827
1060,-1.47,1.5,0.1,-2.40182,0.975787,0.166386,-0.21479,1.41025,-0.390283
1070,-1.465,1.5,0.1,-2.39999,0.975808,0.166244,-0.125659,1.37431,-0.348039
1080,-1.46,1.5,0.1,-2.39783,0.975877,0.165936,0.00272861,1.32874,-0.31029
1090,-1.455,1.5,0.1,-2.39616,0.975444,0.166255,-0.0472001,1.4693,-0.323041
1100,-1.45,1.5,0.1,-2.39432,0.975097,0.166242,0.0470352,1.51703,-0.33283
1110,-1.445,1.5,0.1,-2.39244,0.975019,0.166532,-0.0368178,1.51719,-0.344905
1120,-1.44,1.5,0.1,-2.39041,0.974968,0.16625,0.0535424,1.61327,-0.325815
1130,-1.435,1.5,0.1,-2.38854,0.974675,0.166451,-0.00793198,1.69586,-0.364546
1140,-1.43,1.5,0.1,-2.38652,0.974592,0.166448,-0.0320812,1.70722,-0.381651
1150,-1.425,1.5,0.1,-2.38465,0.97455,0.166616,0.0326493,1.77762,-0.368467
1160,-1.42,1.5,0.1,-2.38267,0.9745,0.166751,0.0248742,1.8431,-0.392153
1170,-1.415,1.5,0.1,-2.3805,0.974431,0.166727,0.0230216,1.77296,-0.429839
1180,-1.41,1.5,0.1,-2.37844,0.974429,0.166817,0.0273782,1.84172,-0.397122
1190,-1.405,1.5,0.1,-2.37636,0.974346,0.167251,-0.0465382,1.93805,-0.450266
1200,-1.4,1.5,0.1,-2.37419,0.974502,0.167843,-0.173688,1.97796,-0.37369
1210,-1.395,1.5,0.1,-2.37177,0.974304,0.167474,-0.0409441,1.94943,-0.319497
1220,-1.39,1.5,0.1,-2.36977,0.974068,0.167443,0.0264105,1.95286,-0.458041
1230,-1.385,1.5,0.1,-2.36745,0.974213,0.167371,0.00600884,1.88388,-0.415037
1240,-1.38,1.5,0.1,-2.36518,0.974482,0.168238,-0.239943,1.88604,-0.336521
1250,-1.375,1.5,0.1,-2.3629,0.974268,0.167681,-0.161628,1.78638,-0.463255
1260,-1.37,1.5,0.1,-2.36047,0.974416,0.167719,-0.213475,1.68877,-0.424404
1270,-1.365,1.5,0.1,-2.35827,0.974323,0.167997,-0.357302,1.6787,-0.465472
1280,-1.36,1.5,0.1,-2.35572,0.974518,0.167727,-0.357958,1.61225,-0.472568
1290,-1.355,1.5,0.1,-2.35344,0.974487,0.167922,-0.407152,1.663,-0.465511
1300,-1.35,1.5,0.1,-2.35113,0.974498,0.167767,-0.361531,1.71284,-0.465373
1310,-1.345,1.5,0.1,-2.34809,0.97531,0.168283,-0.803391,1.70477,-0.228152
1320,-1.34,1.5,0.1,-2.34636,0.974565,0.168132,-0.489875,1.84426,-0.480543
1330,-1.335,1.5,0.1,-2.3436,0.974621,0.167068,-0.367366,1.63563,-0.471468
1340,-1.33,1.5,0.1,-2.3411,0.974675,0.167179,-0.538384,1.71212,-0.495281
1350,-1.325,1.5,0.1,-2.33865,0.974818,0.167114,-0.715273,1.66958,-0.532075
1360,-1.32,1.5,0.1,-2.33615,0.974826,0.166784,-0.746583,1.71309,-0.546824
1370,-1.315,1.5,0.1,-2.33348,0.97516,0.166329,-0.801793,1.66146,-0.472653
1380,-1.31,1.5,0.1,-2.33104,0.975061,0.166331,-0.667012,1.70674,-0.486391
1390,-1.305,1.5,0.1,-2.3284,0.975181,0.166075,-0.779606,1.69489,-0.484019
1400,-1.3,1.5,0.1,-2.32588,0.975031,0.166007,-0.774657,1.82063,-0.504966
1410,-1.295,1.5,0.1,-2.32318,0.974994,0.165529,-0.634823,1.82849,-0.49017
1420,-1.29,1.5,0.1,-2.32032,0.97501,0.164929,-0.481595,1.79044,-0.45553
1430,-1.285,1.5,0.1,-2.31775,0.974925,0.164904,-0.388206,1.85442,-0.449965
1440,-1.28,1.5,0.1,-2.31459,0.975498,0.165665,-0.678929,1.89753,-0.206672
1450,-1.275,1.5,0.1,-2.31229,0.974919,0.164719,-0.302375,1.85958,-0.460664
1460,-1.27,1.5,0.1,-2.30951,0.974965,0.164559,-0.265889,1.89203,-0.463716
1470,-1.265,1.5,0.1,-2.30673,0.975,0.16436,-0.209637,1.88289,-0.503319
1480,-1.26,1.5,0.1,-2.30394,0.975245,0.164345,-0.157662,1.9143,-0.453759
1490,-1.255,1.5,0.1,-2.30112,0.974928,0.164423,-0.24802,1.98024,-0.554809
1500,-1.25,1.5,0.1,-2.29812,0.974967,0.163963,0.0170657,1.86806,-0.56377
1510,-1.245,1.5,0.1,-2.29515,0.974966,0.163782,-0.331854,1.91079,-0.59152
1520,-1.24,1.5,0.1,-2.2923,0.975088,0.163917,-0.259372,1.92337,-0.570322
1530,-1.235,1.5,0.1,-2.2894,0.975362,0.163603,-0.140299,1.74533,-0.559402
1540,-1.23,1.5,0.1,-2.28634,0.975426,0.163632,-0.0900104,1.69817,-0.502749
1550,-1.225,1.5,0.1,-2.28337,0.975525,0.163636,0.0113655,1.6918,-0.532061
1560,-1.22,1.5,0.1,-2.28001,0.975971,0.163517,-0.124613,1.58448,-0.448951
1570,-1.215,1.5,0.1,-2.27717,0.97589,0.163367,-0.07611,1.58773,-0.531023
1580,-1.21,1.5,0.1,-2.27406,0.975913,0.16326,-0.0741861,1.51922,-0.586118
1590,-1.205,1.5,0.1,-2.27072,0.976497,0.163451,-0.248405,1.4372,-0.4637
1600,-1.2,1.5,0.1,-2.26773,0.976456,0.163146,-0.123149,1.40779,-0.529486
1610,-1.195,1.5,0.1,-2.26454,0.976603,0.163008,-0.0769907,1.38009,-0.519898
1620,-1.19,1.5,0.1,-2.26123,0.976758,0.16317,-0.267612,1.39322,-0.450095
1630,-1.185,1.5,0.1,-2.2582,0.976936,0.163002,-0.144497,1.35947,-0.532554
1640,-1.18,1.5,0.1,-2.2553,0.977002,0.163392,-0.303287,1.45674,-0.53445
1650,-1.175,1.5,0.1,-2.25176,0.977555,0.162676,-0.212602,1.30913,-0.477087
1660,-1.17,1.5,0.1,-2.24867,0.977597,0.162721,-0.318491,1.30671,-0.527503
1670,-1.165,1.5,0.1,-2.24522,0.97811,0.16311,-0.605995,1.3266,-0.448866
1680,-1.16,1.5,0.1,-2.24213,0.978038,0.162629,-0.396658,1.31339,-0.526189
1690,-1.155,1.5,0.1,-2.23877,0.978325,0.162138,-0.328575,1.19849,-0.527659
1700,-1.15,1.5,0.1,-2.23558,0.978545,0.162165,-0.182407,1.30019,-0.470775
1710,-1.145,1.5,0.1,-2.22906,0.979051,0.161961,-0.178407,1.41363,-0.465356
1720,-1.14,1.5,0.1,-2.22558,0.979378,0.161791,-0.19191,1.43885,-0.447479
1730,-1.135,1.5,0.1,-2.22558,0.979378,0.161791,-0.19191,1.43885,-0.447479
1740,-1.13,1.5,0.1,-2.21887,0.980049,0.161678,-0.122581,1.51147,-0.429961
1750,-1.125,1.5,0.1,-2.21563,0.980268,0.161586,-0.0517571,1.59354,-0.449303
1760,-1.12,1.5,0.1,-2.21216,0.980564,0.161774,-0.100675,1.62895,-0.435462
1770,-1.115,1.5,0.1,-2.20892,0.980862,0.16171,-0.0287448,1.72963,-0.433019
1780,-1.11,1.5,0.1,-2.20527,0.981217,0.161644,0.0151311,1.68902,-0.435315
1790,-1.105,1.5,0.1,-2.20194,0.981352,0.161591,-0.0273995,1.6351,-0.472872
1800,-1.1,1.5,0.1,-2.19814,0.981741,0.161431,-0.0185624,1.61421,-0.423795
1810,-1.095,1.5,0.1,-2.19461,0.982055,0.161424,0.103852,1.62527,-0.456691
1820,-1.09,1.5,0.1,-2.19099,0.982671,0.161673,0.10001,1.61063,-0.438671
1830,-1.085,1.5,0.1,-2.18758,0.983026,0.161693,0.0544172,1.62217,-0.447382
1840,-1.08,1.5,0.1,-2.18355,0.983742,0.161886,-0.0731503,1.66422,-0.351649
1850,-1.075,1.5,0.1,-2.18006,0.983879,0.161832,-0.124879,1.70502,-0.466747
1860,-1.07,1.5,0.1,-2.17622,0.984805,0.161958,-0.207636,1.66561,-0.371933
1870,-1.065,1.5,0.1,-2.17254,0.985174,0.161709,-0.131658,1.62214,-0.385817
1880,-1.06,1.5,0.1,-2.16889,0.985688,0.16157,-0.146725,1.64735,-0.42307
1890,-1.055,1.5,0.1,-2.16496,0.986232,0.16172,-0.249481,1.64245,-0.379237
1900,-1.05,1.5,0.1,-2.16135,0.986694,0.16176,-0.342531,1.67133,-0.421666
1910,-1.045,1.5,0.1,-2.15725,0.987209,0.161355,-0.545426,1.46284,-0.452535
1920,-1.04,1.5,0.1,-2.15347,0.987801,0.161328,-0.650218,1.48122,-0.409087
1930,-1.035,1.5,0.1,-2.14952,0.988359,0.161059,-0.790568,1.37412,-0.474332
1940,-1.03,1.5,0.1,-2.14559,0.988863,0.161223,-0.875064,1.51595,-0.404513
1950,-1.025,1.5,0.1,-2.14159,0.989679,0.1614,-1.06547,1.48033,-0.312753
1960,-1.02,1.5,0.1,-2.13789,0.98997,0.161199,-0.95655,1.4686,-0.373032
1970,-1.015,1.5,0.1,-2.1337,0.990806,0.161678,-1.23598,1.47205,-0.378367
1980,-1.01,1.5,0.1,-2.12977,0.991206,0.160516,-0.990299,1.40665,-0.40859
1990,-1.005,1.5,0.1,-2.12526,0.991824,0.160353,-1.10171,1.35159,-0.267437
2000,-1,1.5,0.1,-2.12154,0.991819,0.159749,-1.07978,1.22349,-0.422881
2010,-0.995,1.5,0.1,-2.11746,0.992328,0.159788,-1.15709,1.28564,-0.383843
2020,-0.99,1.5,0.1,-2.11347,0.992724,0.159939,-0.986141,1.30135,-0.343313
2030,-0.985,1.5,0.1,-2.10912,0.993326,0.15885,-0.972742,1.1293,-0.363552
2040,-0.98,1.5,0.1,-2.10488,0.993763,0.158531,-1.06595,1.11348,-0.354615
2050,-0.975,1.5,0.1,-2.10089,0.99426,0.158417,-0.950541,1.18991,-0.349238
2060,-0.97,1.5,0.1,-2.09672,0.994836,0.158106,-1.01887,1.14816,-0.337101
2070,-0.965,1.5,0.1,-2.09264,0.995014,0.157723,-1.01847,1.11765,-0.349818
2080,-0.96,1.5,0.1,-2.08848,0.99518,0.157058,-0.998645,1.04454,-0.386955
2090,-0.955,1.5,0.1,-2.0839,0.995874,0.156876,-1.19235,1.02935,-0.272181
2100,-0.95,1.5,0.1,-2.08014,0.996061,0.156408,-1.08336,1.12278,-0.443175
2110,-0.945,1.5,0.1,-2.07595,0.996431,0.155787,-0.860847,1.0186,-0.433848
2120,-0.94,1.5,0.1,-2.07179,0.996985,0.155524,-0.84491,1.14522,-0.433751
2130,-0.935,1.5,0.1,-2.06727,0.997637,0.155273,-0.753918,1.09982,-0.272028
2140,-0.93,1.5,0.1,-2.06323,0.997858,0.154842,-0.589459,1.0799,-0.412874
2150,-0.925,1.5,0.1,-2.05904,0.998048,0.154709,-0.704349,1.09316,-0.400673
2160,-0.92,1.5,0.1,-2.05437,0.998643,0.153992,-0.694393,0.982451,-0.295768
2170,-0.915,1.5,0.1,-2.05038,0.998836,0.15328,-0.511684,1.01488,-0.417257
2180,-0.91,1.5,0.1,-2.04608,0.999477,0.153131,-0.591281,1.12216,-0.39866
2190,-0.905,1.5,0.1,-2.04192,1.00017,0.153345,-0.661177,1.25926,-0.342308
2200,-0.9,1.5,0.1,-2.03768,1.00045,0.153042,-0.390409,1.33524,-0.352377
2210,-0.895,1.5,0.1,-2.03334,1.00093,0.152369,-0.387087,1.34697,-0.395103
2220,-0.89,1.5,0.1,-2.02872,1.00131,0.151768,-0.360775,1.30065,-0.386895
2230,-0.885,1.5,0.1,-2.02404,1.00218,0.151657,-0.498178,1.23586,-0.279233
2240,-0.88,1.5,0.1,-2.02001,1.00221,0.150871,-0.393914,1.0874,-0.425597
2250,-0.875,1.5,0.1,-2.01546,1.00277,0.150594,-0.561562,1.0902,-0.43163
2260,-0.87,1.5,0.1,-2.01099,1.00339,0.149937,-0.438896,0.932059,-0.37207
2270,-0.865,1.5,0.1,-2.00672,1.00374,0.149985,-0.709153,0.890129,-0.449481
2280,-0.86,1.5,0.1,-2.00218,1.00445,0.149915,-0.555657,0.909417,-0.348858
2290,-0.855,1.5,0.1,-1.99756,1.00518,0.148976,-0.507471,0.790264,-0.31094
2300,-0.85,1.5,0.1,-1.99316,1.00543,0.148573,-0.619462,0.702703,-0.321534
2310,-0.845,1.5,0.1,-1.98869,1.0059,0.14813,-0.678675,0.673032,-0.359771
2320,-0.84,1.5,0.1,-1.98416,1.00637,0.147597,-0.669596,0.669946,-0.35691
2330,-0.835,1.5,0.1,-1.97966,1.00693,0.147324,-0.676149,0.752562,-0.358991
2340,-0.83,1.5,0.1,-1.97497,1.00774,0.147253,-0.94295,0.710238,-0.260715
2350,-0.825,1.5,0.1,-1.97075,1.00811,0.146837,-0.859565,0.703288,-0.39257
2360,-0.82,1.5,0.1,-1.96593,1.00878,0.14634,-0.86047,0.741502,-0.321986
2370,-0.815,1.5,0.1,-1.96138,1.00923,0.145711,-0.850869,0.630721,-0.330241
2380,-0.81,1.5,0.1,-1.95681,1.00955,0.145697,-1.06184,0.584879,-0.328039
2390,-0.805,1.5,0.1,-1.95219,1.01031,0.145103,-1.03769,0.456252,-0.306459
2400,-0.8,1.5,0.1,-1.94739,1.01076,0.144402,-0.970168,0.383433,-0.325255
2410,-0.795,1.5,0.1,-1.94299,1.01144,0.144892,-1.10707,0.492815,-0.305989
2420,-0.79,1.5,0.1,-1.93804,1.01198,0.144105,-1.09379,0.330324,-0.290831
2430,-0.785,1.5,0.1,-1.93363,1.01229,0.143601,-1.08256,0.273634,-0.33455
2440,-0.78,1.5,0.1,-1.9286,1.01258,0.142891,-0.916763,0.33882,-0.303635
2450,-0.775,1.5,0.1,-1.92401,1.01316,0.142822,-0.983524,0.307683,-0.312325
2460,-0.77,1.5,0.1,-1.91937,1.01376,0.142855,-1.05158,0.354626,-0.312423
2470,-0.765,1.5,0.1,-1.91458,1.01418,0.142487,-0.971782,0.308577,-0.353742
2480,-0.76,1.5,0.1,-1.90991,1.01468,0.142266,-0.995504,0.277921,-0.30707
2490,-0.755,1.5,0.1,-1.90518,1.01532,0.142005,-0.926322,0.31284,-0.295912
2500,-0.75,1.5,0.1,-1.90038,1.01532,0.141785,-1.16215,0.299641,-0.3404
2510,-0.745,1.5,0.1,-1.89547,1.01611,0.141256,-0.999903,0.279069,-0.335011
2520,-0.74,1.5,0.1,-1.89065,1.01631,0.140701,-0.875914,0.206114,-0.31576
2530,-0.735,1.5,0.1,-1.88566,1.017,0.140827,-1.06264,0.12112,-0.267547
2540,-0.73,1.5,0.1,-1.88094,1.01745,0.140392,-0.945615,0.0866412,-0.346653
2550,-0.725,1.5,0.1,-1.87605,1.01776,0.140056,-0.930574,0.0399617,-0.325778
2560,-0.72,1.5,0.1,-1.87127,1.01831,0.139998,-0.946468,0.0419218,-0.309312
2570,-0.715,1.5,0.1,-1.86631,1.01869,0.13973,-1.10347,-0.0118212,-0.283702
2580,-0.71,1.5,0.1,-1.86151,1.01866,0.139037,-0.921589,-0.0212174,-0.369035
2590,-0.705,1.5,0.1,-1.85626,1.01978,0.139568,-1.15489,0.00943176,-0.145468
2600,-0.7,1.5,0.1,-1.84688,1.02048,0.139047,-1.03146,-0.0123909,-0.32945
2610,-0.695,1.5,0.1,-1.84212,1.02066,0.138895,-1.10289,0.119484,-0.37799
2620,-0.69,1.5,0.1,-1.83722,1.02093,0.138509,-1.06056,0.0999421,-0.385519
2630,-0.685,1.5,0.1,-1.83242,1.02102,0.138562,-1.09013,0.137212,-0.311849
2640,-0.68,1.5,0.1,-1.82763,1.02141,0.138222,-0.945141,0.0588674,-0.349475
2650,-0.675,1.5,0.1,-1.82252,1.0218,0.137893,-0.96784,-0.0281935,-0.313509
2660,-0.67,1.5,0.1,-1.81752,1.02232,0.137765,-1.17236,0.0533606,-0.311319
2670,-0.665,1.5,0.1,-1.81273,1.02286,0.137865,-1.21913,0.0296805,-0.287218
2680,-0.66,1.5,0.1,-1.80779,1.02317,0.137397,-1.08858,0.00610602,-0.265449
2690,-0.655,1.5,0.1,-1.80328,1.02342,0.138071,-1.15811,0.150309,-0.221138
2700,-0.65,1.5,0.1,-1.79832,1.0235,0.137643,-1.03825,0.24019,-0.212427
2710,-0.645,1.5,0.1,-1.79342,1.0237,0.138034,-1.15908,0.46911,-0.241085
2720,-0.64,1.5,0.1,-1.78859,1.02412,0.137427,-0.78799,0.473556,-0.219343
2730,-0.635,1.5,0.1,-1.78329,1.02484,0.137665,-1.13477,0.347612,-0.00713107
2740,-0.63,1.5,0.1,-1.77874,1.02516,0.137189,-0.908572,0.212562,-0.212495
2750,-0.625,1.5,0.1,-1.77374,1.02532,0.13684,-0.937257,0.273525,-0.159745
2760,-0.62,1.5,0.1,-1.76896,1.02565,0.136972,-0.912241,0.22927,-0.154877
2770,-0.615,1.5,0.1,-1.76414,1.02606,0.136964,-0.987598,0.051449,-0.174177
2780,-0.61,1.5,0.1,-1.75918,1.02612,0.136731,-1.0681,0.0566162,-0.233613
2790,-0.605,1.5,0.1,-1.75395,1.02655,0.136422,-0.900681,-0.0323567,-0.134635
2800,-0.6,1.5,0.1,-1.74916,1.02666,0.136575,-1.03398,0.107713,-0.171902
2810,-0.595,1.5,0.1,-1.74447,1.0273,0.136914,-1.08643,-0.0138317,-0.165233
2820,-0.59,1.5,0.1,-1.73923,1.02783,0.136495,-1.14694,-0.13453,-0.183852
2830,-0.585,1.5,0.1,-1.73434,1.02808,0.136546,-1.20802,-0.144528,-0.179174
2840,-0.58,1.5,0.1,-1.72946,1.02842,0.136621,-1.25015,-0.194837,-0.121778
2850,-0.575,1.5,0.1,-1.72448,1.02834,0.136799,-1.1362,-0.282609,-0.181535
2860,-0.57,1.5,0.1,-1.71951,1.02867,0.136015,-1.16533,-0.394506,-0.112755
2870,-0.565,1.5,0.1,-1.71451,1.02893,0.136319,-1.3329,-0.420744,-0.155421
2880,-0.56,1.5,0.1,-1.70909,1.02965,0.135827,-1.38241,-0.562303,0.0170607
2890,-0.555,1.5,0.1,-1.70465,1.02973,0.135903,-1.3881,-0.614209,-0.154782
2900,-0.55,1.5,0.1,-1.69967,1.03025,0.13573,-1.23248,-0.669369,-0.0680915
2910,-0.545,1.5,0.1,-1.69458,1.03055,0.135533,-1.36328,-0.721652,-0.0739471
2920,-0.54,1.5,0.1,-1.68997,1.03081,0.135493,-1.35468,-0.730482,-0.0537106
2930,-0.535,1.5,0.1,-1.68508,1.0308,0.135196,-1.41294,-0.63832,-0.0936815
2940,-0.53,1.5,0.1,-1.68005,1.03124,0.134944,-1.36433,-0.650226,-0.00898961
2950,-0.525,1.5,0.1,-1.67527,1.03162,0.134724,-1.52027,-0.679326,-0.0575744
2960,-0.52,1.5,0.1,-1.67042,1.03188,0.134635,-1.58636,-0.678508,-0.0420125
2970,-0.515,1.5,0.1,-1.66548,1.03221,0.134473,-1.66167,-0.686443,0.0556966
2980,-0.51,1.5,0.1,-1.66074,1.03238,0.134255,-1.54794,-0.520595,-0.0399747
2990,-0.505,1.5,0.1,-1.6561,1.03249,0.134104,-1.68042,-0.551271,-0.0283133
3000,-0.5,1.5,0.1,-1.65144,1.03242,0.133578,-1.55897,-0.514795,-0.0865523
3010,-0.495,1.5,0.1,-1.64646,1.03262,0.133067,-1.47769,-0.535356,-0.0130929
3020,-0.49,1.5,0.1,-1.64169,1.03289,0.132788,-1.54298,-0.517641,0.0236144
3030,-0.485,1.5,0.1,-1.63705,1.03316,0.133049,-1.77124,-0.409134,0.0365504
3040,-0.48,1.5,0.1,-1.63229,1.03316,0.132638,-1.69265,-0.444363,0.028092
3050,-0.475,1.5,0.1,-1.62733,1.03359,0.132715,-1.91013,-0.449257,0.0535691
3060,-0.47,1.5,0.1,-1.62262,1.03328,0.132154,-1.6734,-0.457302,0.0124405
3070,-0.465,1.5,0.1,-1.61794,1.03286,0.132145,-1.69184,-0.314877,-0.0771502
3080,-0.46,1.5,0.1,-1.6134,1.03307,0.132045,-1.37266,-0.40721,-0.00970444
3090,-0.455,1.5,0.1,-1.60847,1.03297,0.1319,-1.29928,-0.311887,-0.0419763
3100,-0.45,1.5,0.1,-1.6037,1.03317,0.132109,-1.30779,-0.302132,0.0570396
3110,-0.445,1.5,0.1,-1.59906,1.03314,0.131688,-1.0256,-0.288662,0.00192586
3120,-0.44,1.5,0.1,-1.59437,1.03315,0.13161,-1.01379,-0.314562,0.0442039
3130,-0.435,1.5,0.1,-1.58926,1.03316,0.131474,-1.19584,-0.343871,0.042414
3140,-0.43,1.5,0.1,-1.58474,1.03307,0.131248,-1.07974,-0.408928,-0.0487979
3150,-0.425,1.5,0.1,-1.57979,1.03311,0.131251,-1.12441,-0.315883,0.0428485
3160,-0.42,1.5,0.1,-1.57535,1.03308,0.131144,-0.981615,-0.447217,-0.00825485
3170,-0.415,1.5,0.1,-1.57036,1.03295,0.130984,-0.855868,-0.438956,0.0409233
3180,-0.41,1.5,0.1,-1.56559,1.03264,0.130471,-0.894987,-0.486051,-0.0672384
3190,-0.405,1.5,0.1,-1.56096,1.0328,0.130612,-0.824512,-0.414909,0.0251802
3200,-0.4,1.5,0.1,-1.55613,1.03274,0.130347,-0.893707,-0.507901,-0.00148033
3210,-0.395,1.5,0.1,-1.55147,1.03282,0.130049,-0.832419,-0.491415,-0.000439523
3220,-0.39,1.5,0.1,-1.5465,1.0327,0.12968,-0.774135,-0.457087,0.0939231
3230,-0.385,1.5,0.1,-1.54174,1.03306,0.130064,-0.843644,-0.569747,0.0931897
3240,-0.38,1.5,0.1,-1.53712,1.03277,0.129422,-0.559665,-0.352124,0.114493
3250,-0.375,1.5,0.1,-1.53214,1.03274,0.129169,-0.577502,-0.463919,0.173762
3260,-0.37,1.5,0.1,-1.52781,1.03275,0.128943,-0.523037,-0.534789,0.0743383
3270,-0.365,1.5,0.1,-1.52311,1.03277,0.128778,-0.502405,-0.456955,0.0947162
3280,-0.36,1.5,0.1,-1.5185,1.0325,0.128346,-0.464984,-0.342276,0.021303
3290,-0.355,1.5,0.1,-1.51386,1.03275,0.128457,-0.39711,-0.159245,0.17278
3300,-0.35,1.5,0.1,-1.50908,1.03265,0.127648,-0.467112,-0.202061,0.114549
3310,-0.345,1.5,0.1,-1.50452,1.03265,0.127401,-0.554838,-0.185214,0.0748082
3320,-0.34,1.5,0.1,-1.49967,1.03268,0.127031,-0.695719,-0.0609438,0.140828
3330,-0.335,1.5,0.1,-1.49483,1.03289,0.126907,-0.770142,-0.0552365,0.186743
3340,-0.33,1.5,0.1,-1.4903,1.03293,0.126672,-0.835425,-0.0748708,0.101073
3350,-0.325,1.5,0.1,-1.48551,1.03317,0.126802,-1.08934,-0.0377283,0.171987
3360,-0.32,1.5,0.1,-1.4808,1.0329,0.126219,-0.982729,0.00174448,0.0502524
3370,-0.315,1.5,0.1,-1.476,1.03282,0.125941,-0.937036,0.0904393,0.102603
3380,-0.31,1.5,0.1,-1.47139,1.03294,0.125705,-1.04113,0.149498,0.0765373
3390,-0.305,1.5,0.1,-1.46661,1.03294,0.125582,-1.19473,0.0730712,0.0237449
3400,-0.3,1.5,0.1,-1.46138,1.03323,0.125511,-1.24212,0.181497,0.180536
3410,-0.295,1.5,0.1,-1.45704,1.03293,0.125191,-1.20499,0.168982,0.105827
3420,-0.29,1.5,0.1,-1.4521,1.0328,0.125033,-1.07578,0.0810024,0.0206002
3430,-0.285,1.5,0.1,-1.44718,1.03295,0.12468,-1.19675,0.0521705,0.0684874
3440,-0.28,1.5,0.1,-1.44248,1.0327,0.124471,-1.06475,-0.0535979,0.118524
3450,-0.275,1.5,0.1,-1.43772,1.03278,0.124767,-1.14089,-0.0715699,0.200751
3460,-0.27,1.5,0.1,-1.433,1.03251,0.124247,-1.03182,-0.057696,0.0898142
3470,-0.265,1.5,0.1,-1.42788,1.03262,0.123922,-0.896942,-0.0473752,0.217449
3480,-0.26,1.5,0.1,-1.42312,1.03229,0.123571,-1.0455,-0.239737,0.173639
3490,-0.255,1.5,0.1,-1.41349,1.03223,0.123371,-1.06834,-0.141865,0.269287
3500,-0.25,1.5,0.1,-1.40879,1.03203,0.123081,-0.956313,-0.0980727,0.267694
3510,-0.245,1.5,0.1,-1.4038,1.03198,0.12306,-1.06823,-0.151743,0.235505
3520,-0.24,1.5,0.1,-1.39909,1.0316,0.12287,-0.942917,-0.245433,0.186589
3530,-0.235,1.5,0.1,-1.39422,1.03158,0.122849,-0.831165,-0.259777,0.243072
3540,-0.23,1.5,0.1,-1.38914,1.03143,0.122676,-0.975524,-0.410169,0.32585
3550,-0.225,1.5,0.1,-1.38454,1.03121,0.122497,-0.82804,-0.492729,0.251953
3560,-0.22,1.5,0.1,-1.37961,1.03104,0.122308,-0.815178,-0.720756,0.292555
3570,-0.215,1.5,0.1,-1.37484,1.03099,0.122193,-0.800745,-0.751302,0.26756
3580,-0.21,1.5,0.1,-1.37015,1.03062,0.121963,-0.817284,-0.709723,0.250396
3590,-0.205,1.5,0.1,-1.36545,1.03044,0.122248,-0.829717,-0.677143,0.275203
3600,-0.2,1.5,0.1,-1.36065,1.03015,0.122211,-0.742605,-0.702362,0.275966
3610,-0.195,1.5,0.1,-1.356,1.03019,0.122497,-0.828826,-0.725956,0.240059
3620,-0.19,1.5,0.1,-1.35127,1.03008,0.122391,-0.817704,-0.693354,0.260858
3630,-0.185,1.5,0.1,-1.34661,1.02966,0.122083,-0.761581,-0.680739,0.237948
3640,-0.18,1.5,0.1,-1.34183,1.02975,0.122192,-0.859282,-0.642164,0.332666
3650,-0.175,1.5,0.1,-1.33731,1.02944,0.122559,-0.911789,-0.749275,0.209912
3660,-0.17,1.5,0.1,-1.33265,1.02929,0.122548,-0.915477,-0.753014,0.272679
3670,-0.165,1.5,0.1,-1.32775,1.0292,0.122819,-1.08262,-0.748562,0.342496
3680,-0.16,1.5,0.1,-1.32311,1.02882,0.122385,-0.935489,-0.701347,0.267421
3690,-0.155,1.5,0.1,-1.31871,1.02877,0.122627,-0.995857,-0.598119,0.242368
3700,-0.15,1.5,0.1,-1.31412,1.02838,0.122649,-0.965537,-0.463729,0.17344
3710,-0.145,1.5,0.1,-1.30954,1.02824,0.122628,-1.00718,-0.450808,0.157614
3720,-0.14,1.5,0.1,-1.30486,1.02826,0.122758,-1.0059,-0.276244,0.226949
3730,-0.135,1.5,0.1,-1.30026,1.02787,0.1224,-1.02762,-0.291395,0.187491
3740,-0.13,1.5,0.1,-1.29574,1.02756,0.122651,-0.968509,-0.31313,0.161715
3750,-0.125,1.5,0.1,-1.2912,1.02748,0.122813,-0.899178,-0.317773,0.215827
3760,-0.12,1.5,0.1,-1.28642,1.02748,0.122973,-0.85382,-0.219828,0.318664
3770,-0.115,1.5,0.1,-1.28208,1.02682,0.122847,-0.692881,-0.211937,0.225469
3780,-0.11,1.5,0.1,-1.27741,1.02657,0.122661,-0.834841,-0.243456,0.193269
3790,-0.105,1.5,0.1,-1.27278,1.02657,0.122778,-0.79471,-0.289009,0.168785
3800,-0.1,1.5,0.1,-1.26819,1.02634,0.12278,-0.801729,-0.322003,0.18967
3810,-0.095,1.5,0.1,-1.2635,1.02605,0.122366,-0.885433,-0.375268,0.11528
3820,-0.09,1.5,0.1,-1.25905,1.02589,0.122527,-0.979908,-0.22917,0.118427
3830,-0.085,1.5,0.1,-1.25428,1.02582,0.122522,-0.972423,-0.375813,0.206964
3840,-0.08,1.5,0.1,-1.24991,1.0256,0.122582,-1.07055,-0.339672,0.120842
3850,-0.075,1.5,0.1,-1.24528,1.02537,0.122291,-1.20375,-0.448797,0.137691
3860,-0.0700001,1.5,0.1,-1.24066,1.02504,0.122074,-1.12221,-0.519308,0.0890411
3870,-0.0650001,1.5,0.1,-1.23592,1.02461,0.121778,-1.09855,-0.535396,0.15566
3880,-0.0599999,1.5,0.1,-1.23144,1.02443,0.12176,-1.07357,-0.648737,0.0984992
3890,-0.0549999,1.5,0.1,-1.22672,1.02407,0.121453,-1.04387,-0.73644,0.115353
3900,-0.05,1.5,0.1,-1.22222,1.02363,0.121152,-0.94534,-0.652134,0.0867762
3910,-0.045,1.5,0.1,-1.21754,1.02339,0.120979,-1.0368,-0.793435,0.0916573
3920,-0.04,1.5,0.1,-1.2131,1.0231,0.120834,-0.946183,-0.815815,0.108044
3930,-0.035,1.5,0.1,-1.20851,1.02284,0.120672,-0.916887,-0.77856,0.119891
3940,-0.03,1.5,0.1,-1.204,1.02258,0.12055,-0.793745,-0.70676,0.130885
3950,-0.025,1.5,0.1,-1.19925,1.02222,0.120246,-0.747168,-0.684772,0.160977
3960,-0.02,1.5,0.1,-1.1949,1.02168,0.119561,-0.554105,-0.83525,0.109749
3970,-0.015,1.5,0.1,-1.19035,1.02131,0.119157,-0.509256,-0.763833,0.147999
3980,-0.00999999,1.5,0.1,-1.18587,1.02088,0.118752,-0.508117,-0.676216,0.158841
3990,-0.005,1.5,0.1,-1.18142,1.02062,0.118702,-0.533727,-0.570671,0.0821951
4000,0,1.5,0.1,-1.17685,1.02043,0.118239,-0.62443,-0.592985,0.0813386
4010,0.00500011,1.5,0.1,-1.17237,1.02019,0.117963,-0.658599,-0.501788,0.00402469
4020,0.00999999,1.5,0.1,-1.16784,1.02012,0.118114,-0.781051,-0.492033,0.0687565
4030,0.0150001,1.5,0.1,-1.16365,1.01961,0.117914,-0.619302,-0.382741,0.0222055
4040,0.02,1.5,0.1,-1.15896,1.01938,0.117637,-0.724885,-0.340287,0.110113
4050,0.0250001,1.5,0.1,-1.15454,1.01899,0.117202,-0.610805,-0.279722,0.0566131
4060,0.03,1.5,0.1,-1.15016,1.01865,0.117101,-0.655913,-0.243535,0.0810213
4070,0.0350001,1.5,0.1,-1.14588,1.01825,0.117015,-0.633132,-0.25119,0.0599815
4080,0.04,1.5,0.1,-1.14131,1.01793,0.116718,-0.519839,-0.238426,0.10592
4090,0.0450001,1.5,0.1,-1.13695,1.01768,0.116486,-0.563804,-0.228543,0.0411471
4100,0.05,1.5,0.1,-1.13234,1.01735,0.116206,-0.622824,-0.286032,0.042676
4110,0.0550001,1.5,0.1,-1.12795,1.01712,0.116023,-0.572938,-0.315695,0.059485
4120,0.0599999,1.5,0.1,-1.12337,1.01693,0.115658,-0.667146,-0.25287,0.102928
4130,0.0650001,1.5,0.1,-1.119,1.0165,0.115276,-0.545101,-0.250643,0.0589151
4140,0.0699999,1.5,0.1,-1.1142,1.01616,0.114476,-0.713937,-0.317491,0.0475687
4150,0.075,1.5,0.1,-1.11015,1.01596,0.114558,-0.635074,-0.333155,0.0331297
4160,0.0799999,1.5,0.1,-1.10577,1.01597,0.114357,-0.710974,-0.248782,0.104026
4170,0.085,1.5,0.1,-1.1015,1.01546,0.113893,-0.674056,-0.16003,0.0496016
4180,0.0899999,1.5,0.1,-1.09683,1.01527,0.113692,-0.745572,-0.209104,0.0854374
4190,0.095,1.5,0.1,-1.09255,1.01513,0.113383,-0.598336,-0.0710157,0.122066
4200,0.0999999,1.5,0.1,-1.08809,1.01495,0.113198,-0.754906,-0.0192141,0.0882697
4210,0.105,1.5,0.1,-1.08377,1.01455,0.112797,-0.64149,-0.01727,0.0658324
4220,0.11,1.5,0.1,-1.07927,1.01445,0.113247,-0.750199,-0.0738338,0.137705
4230,0.115,1.5,0.1,-1.07031,1.01381,0.11264,-0.736159,-0.287767,0.0269092
4240,0.12,1.5,0.1,-1.06597,1.01348,0.112654,-0.62686,-0.347345,0.0206087
4250,0.125,1.5,0.1,-1.06155,1.01328,0.112823,-0.661394,-0.378493,0.0443534
4260,0.13,1.5,0.1,-1.05713,1.01336,0.112959,-0.688738,-0.346951,0.116121
4270,0.135,1.5,0.1,-1.05278,1.01299,0.112872,-0.694992,-0.344529,0.0823801
4280,0.14,1.5,0.1,-1.04819,1.01272,0.112424,-0.728225,-0.431135,0.0619005
4290,0.145,1.5,0.1,-1.04363,1.01255,0.112166,-0.836595,-0.397898,0.052574
4300,0.15,1.5,0.1,-1.0394,1.01228,0.112408,-0.758706,-0.355407,0.0377359
4310,0.155,1.5,0.1,-1.03497,1.01211,0.112179,-0.934523,-0.574601,0.00255902
4320,0.16,1.5,0.1,-1.03033,1.012,0.112256,-1.10135,-0.576542,0.0855825
4330,0.165,1.5,0.1,-1.02608,1.01164,0.111981,-1.00572,-0.610261,0.0228645
4340,0.17,1.5,0.1,-1.02153,1.01165,0.111901,-1.13375,-0.712674,0.00971011
4350,0.175,1.5,0.1,-1.01734,1.01114,0.111955,-1.04959,-0.706708,0.0289099
4360,0.18,1.5,0.1,-1.01288,1.01094,0.111812,-1.0077,-0.749322,0.0462884
4370,0.185,1.5,0.1,-1.00841,1.01074,0.111845,-0.896213,-0.629498,0.0915942
4380,0.19,1.5,0.1,-1.00396,1.01069,0.111914,-1.02284,-0.660807,0.0578175
4390,0.195,1.5,0.1,-0.999825,1.01019,0.111985,-0.874361,-0.689781,0.0498866
4400,0.2,1.5,0.1,-0.995489,1.01005,0.11176,-0.826908,-0.673057,0.0779162
4410,0.205,1.5,0.1,-0.991068,1.00974,0.111682,-0.730864,-0.710459,0.0645185
4420,0.21,1.5,0.1,-0.987035,1.00948,0.111678,-0.760721,-0.749367,0.081813
4430,0.215,1.5,0.1,-0.982576,1.00912,0.111667,-0.77342,-0.746619,0.0184356
4440,0.22,1.5,0.1,-0.978218,1.00891,0.11128,-0.668296,-0.703375,0.101551
4450,0.225,1.5,0.1,-0.974004,1.00883,0.111166,-0.742175,-0.635975,0.0653684
4460,0.23,1.5,0.1,-0.969708,1.00868,0.111075,-0.778946,-0.570632,0.0781945
4470,0.235,1.5,0.1,-0.965311,1.00867,0.110996,-0.816181,-0.632605,0.0727292
4480,0.24,1.5,0.1,-0.960964,1.00834,0.111194,-0.692167,-0.563043,0.115276
4490,0.245,1.5,0.1,-0.956729,1.00813,0.110761,-0.657946,-0.732889,0.0863565
4500,0.25,1.5,0.1,-0.952582,1.00794,0.110891,-0.557154,-0.808186,0.0322751
4510,0.255,1.5,0.1,-0.948409,1.00766,0.111079,-0.482373,-0.884106,0.127449
4520,0.26,1.5,0.1,-0.943981,1.00731,0.110484,-0.510268,-0.975671,0.0708164
4530,0.265,1.5,0.1,-0.939702,1.00701,0.110754,-0.662004,-0.940377,0.101851
4540,0.27,1.5,0.1,-0.935568,1.0069,0.11047,-0.476502,-1.01304,0.128209
4550,0.275,1.5,0.1,-0.931078,1.0068,0.110345,-0.614507,-0.980896,0.130334
4560,0.28,1.5,0.1,-0.926879,1.00681,0.110386,-0.631497,-0.893354,0.0724538
4570,0.285,1.5,0.1,-0.922792,1.00656,0.110583,-0.763633,-0.832951,0.140142
4580,0.29,1.5,0.1,-0.918932,1.00658,0.110925,-0.660091,-0.589033,0.0993727
4590,0.295,1.5,0.1,-0.914671,1.0062,0.110841,-0.730845,-0.603927,0.0968843
4600,0.3,1.5,0.1,-0.910568,1.00616,0.111066,-0.691545,-0.542628,0.0750258
4610,0.305,1.5,0.1,-0.906424,1.00591,0.111148,-0.776111,-0.507786,0.10455
4620,0.31,1.5,0.1,-0.902441,1.0056,0.111271,-0.734883,-0.45917,0.0650153
4630,0.315,1.5,0.1,-0.898379,1.00533,0.111535,-0.646561,-0.32848,0.167419
4640,0.32,1.5,0.1,-0.894133,1.005,0.111651,-0.647236,-0.433532,0.0971406
4650,0.325,1.5,0.1,-0.890058,1.00475,0.112015,-0.772637,-0.334009,0.10414
4660,0.33,1.5,0.1,-0.885912,1.00486,0.112175,-0.633756,-0.363726,0.105643
4670,0.335,1.5,0.1,-0.881794,1.00465,0.112274,-0.630288,-0.311627,0.0946854
4680,0.34,1.5,0.1,-0.877712,1.00469,0.112647,-0.536415,-0.303942,0.110884
4690,0.345,1.5,0.1,-0.873456,1.00453,0.112865,-0.602335,-0.317044,0.176554
4700,0.35,1.5,0.1,-0.869607,1.00425,0.112787,-0.444353,-0.324028,0.134407
4710,0.355,1.5,0.1,-0.86581,1.00382,0.113199,-0.467717,-0.0896051,0.0693384
4720,0.36,1.5,0.1,-0.861576,1.00385,0.112706,-0.402249,-0.180186,0.108903
4730,0.365,1.5,0.1,-0.857488,1.0038,0.112823,-0.347514,-0.18338,0.0906552
4740,0.37,1.5,0.1,-0.853362,1.00353,0.112775,-0.367981,-0.36407,0.186993
4750,0.375,1.5,0.1,-0.849312,1.00337,0.112821,-0.385239,-0.36815,0.111116
4760,0.38,1.5,0.1,-0.844801,1.00349,0.112813,-0.532924,-0.423764,0.134178
4770,0.385,1.5,0.1,-0.840947,1.00324,0.113205,-0.51827,-0.534017,0.0497694
4780,0.39,1.5,0.1,-0.837078,1.00359,0.112725,-0.548332,-0.556847,0.0471723
4790,0.395,1.5,0.1,-0.832978,1.00336,0.112818,-0.608031,-0.683249,0.0235999
4800,0.4,1.5,0.1,-0.828783,1.00372,0.113032,-0.736548,-0.681008,0.159615
4810,0.405,1.5,0.1,-0.825196,1.00334,0.112677,-0.636757,-0.651134,0.0956842
4820,0.41,1.5,0.1,-0.820954,1.00309,0.112725,-0.606841,-0.836643,-0.022217
4830,0.415,1.5,0.1,-0.817068,1.00301,0.112689,-0.657617,-0.822133,-0.00843627
4840,0.42,1.5,0.1,-0.813041,1.0031,0.112763,-0.663095,-0.682149,-0.0551606
4850,0.425,1.5,0.1,-0.809002,1.00299,0.11262,-0.742925,-0.719126,-0.0691246
4860,0.43,1.5,0.1,-0.805348,1.00294,0.112916,-0.939859,-0.675508,-0.119247
4870,0.435,1.5,0.1,-0.801374,1.00313,0.112809,-0.77546,-0.719787,-0.100339
4880,0.44,1.5,0.1,-0.797466,1.00323,0.112744,-0.847156,-0.715102,-0.0965647
4890,0.445,1.5,0.1,-0.793651,1.00305,0.112769,-0.830604,-0.748416,-0.124873
4900,0.45,1.5,0.1,-0.789807,1.00293,0.112918,-0.78583,-0.837731,-0.0454902
4910,0.455,1.5,0.1,-0.78601,1.0028,0.112866,-0.669059,-0.836572,-0.0845414
4920,0.46,1.5,0.1,-0.782138,1.00246,0.113111,-0.709795,-0.818697,-0.0890252
4930,0.465,1.5,0.1,-0.778311,1.00262,0.112801,-0.664984,-0.858633,-0.101243
4940,0.47,1.5,0.1,-0.77438,1.00243,0.1126,-0.647404,-0.838275,-0.0841775
4950,0.475,1.5,0.1,-0.770539,1.00254,0.112496,-0.638082,-0.99676,-0.0564969
4960,0.48,1.5,0.1,-0.766771,1.00265,0.112693,-0.534389,-0.900613,-0.0642504
4970,0.485,1.5,0.1,-0.763082,1.00263,0.112714,-0.667549,-0.988687,-0.0926478
4980,0.49,1.5,0.1,-0.759154,1.00257,0.112609,-0.618904,-1.0328,-0.0833722
4990,0.495,1.5,0.1,-0.755406,1.00243,0.112651,-0.54005,-1.07317,-0.0952268
5000,0.5,1.5,0.1,-0.751831,1.00249,0.113126,-0.454682,-0.946546,0.0397263
5010,0.505,1.5,0.1,-0.748187,1.0023,0.112873,-0.426002,-0.966813,-0.0201733
5020,0.51,1.5,0.1,-0.744422,1.00221,0.11289,-0.448125,-0.956341,0.00115583
5030,0.515,1.5,0.1,-0.740725,1.0021,0.112821,-0.423889,-0.909879,-0.00858926
5040,0.52,1.5,0.1,-0.737004,1.00216,0.112838,-0.347977,-0.772519,-0.00781979
5050,0.525,1.5,0.1,-0.733054,1.00213,0.112702,-0.416453,-1.00921,-0.0788939
5060,0.53,1.5,0.1,-0.725802,1.00193,0.11302,-0.616694,-0.905012,-0.118939
5070,0.535,1.5,0.1,-0.725802,1.00193,0.11302,-0.616694,-0.905012,-0.118939
5080,0.54,1.5,0.1,-0.718651,1.00211,0.112373,-0.511727,-0.597978,-0.0730065
5090,0.545,1.5,0.1,-0.714569,1.00203,0.112451,-0.492136,-0.823661,-0.122703
5100,0.55,1.5,0.1,-0.711498,1.00203,0.112357,-0.46927,-0.396634,-0.047116
5110,0.555,1.5,0.1,-0.707708,1.00204,0.112044,-0.536231,-0.29429,-0.0117099
5120,0.56,1.5,0.1,-0.704132,1.00187,0.111924,-0.590179,-0.279659,-0.0203348
5130,0.565,1.5,0.1,-0.700469,1.00193,0.1119,-0.694984,-0.347416,-0.0190457
5140,0.57,1.5,0.1,-0.696752,1.0019,0.1118,-0.804194,-0.358282,-0.038073
5150,0.575,1.5,0.1,-0.693115,1.00201,0.11195,-0.711285,-0.277281,-0.00837851
5160,0.58,1.5,0.1,-0.689066,1.0021,0.111821,-0.929104,-0.447764,-0.00403773
5170,0.585,1.5,0.1,-0.685576,1.00184,0.111536,-0.786279,-0.449315,-0.0485662
5180,0.59,1.5,0.1,-0.682028,1.00182,0.11174,-0.704227,-0.427626,-0.0660906
5190,0.595,1.5,0.1,-0.678433,1.00165,0.111497,-0.675304,-0.347857,0.0424551
5200,0.6,1.5,0.1,-0.674295,1.00163,0.111331,-0.717572,-0.4971,-0.0191475
5210,0.605,1.5,0.1,-0.670844,1.00139,0.111827,-0.83851,-0.489145,-0.0257441
5220,0.61,1.5,0.1,-0.667281,1.00155,0.111438,-0.834759,-0.355818,0.034486
5230,0.615,1.5,0.1,-0.663645,1.00147,0.111936,-0.761534,-0.446465,-0.0230697
5240,0.62,1.5,0.1,-0.659856,1.0017,0.11145,-0.91796,-0.452411,0.0197621
5250,0.625,1.5,0.1,-0.656291,1.00163,0.111476,-0.964318,-0.510363,0.00698183
5260,0.63,1.5,0.1,-0.652529,1.00147,0.111669,-0.844927,-0.54273,-0.0820974
5270,0.635,1.5,0.1,-0.649032,1.00163,0.111589,-0.987676,-0.591248,0.0563509
5280,0.64,1.5,0.1,-0.64537,1.00114,0.111859,-0.897796,-0.419606,0.0256711
5290,0.645,1.5,0.1,-0.64128,1.00128,0.111942,-0.816541,-0.452413,0.0439353
5300,0.65,1.5,0.1,-0.637941,1.00109,0.111894,-0.68575,-0.41179,-0.0264257
5310,0.655,1.5,0.1,-0.634427,1.00102,0.111675,-0.64221,-0.510217,-0.0417812
5320,0.66,1.5,0.1,-0.630723,1.00103,0.112194,-0.504328,-0.194149,-0.00351068
5330,0.665,1.5,0.1,-0.627059,1.00089,0.111753,-0.581032,-0.314479,-0.0206421
5340,0.67,1.5,0.1,-0.623169,1.00092,0.111935,-0.637273,-0.457161,0.0270599
5350,0.675,1.5,0.1,-0.619873,1.00091,0.112124,-0.528101,-0.407356,0.00807757
5360,0.68,1.5,0.1,-0.616233,1.00085,0.112176,-0.52313,-0.375708,-0.0253266
5370,0.685,1.5,0.1,-0.612425,1.00068,0.111797,-0.65539,-0.466453,-0.0467907
5380,0.69,1.5,0.1,-0.608894,1.00078,0.111726,-0.737044,-0.415543,-0.0124048
5390,0.695,1.5,0.1,-0.60553,1.00088,0.111773,-0.834023,-0.291253,0.00514297
5400,0.7,1.5,0.1,-0.602705,1.00051,0.111612,-0.83427,0.317187,0.173205
5410,0.705,1.5,0.1,-0.598194,1.00086,0.111418,-0.911366,-0.100968,0.00809046
5420,0.71,1.5,0.1,-0.594607,1.00082,0.111485,-0.958422,-0.147363,0.0144888
5430,0.715,1.5,0.1,-0.591049,1.00053,0.111817,-1.03644,-0.0374906,0.0310756
5440,0.72,1.5,0.1,-0.587486,1.00064,0.111602,-0.889931,-0.0291706,-0.00328841
5450,0.725,1.5,0.1,-0.583946,1.00063,0.111952,-0.87785,0.13379,0.0399253
5460,0.73,1.5,0.1,-0.58009,1.00045,0.111431,-0.816531,0.114277,0.0101942
5470,0.735,1.5,0.1,-0.576603,1.00029,0.111472,-0.715854,0.163999,0.00502244
5480,0.74,1.5,0.1,-0.572912,1.00034,0.111566,-0.752974,0.207376,0.0524772
5490,0.745,1.5,0.1,-0.569404,0.999922,0.111859,-0.776583,0.412955,0.0598994
5500,0.75,1.5,0.1,-0.566495,0.999891,0.111237,-0.62117,0.853928,0.206268
5510,0.755,1.5,0.1,-0.562575,0.999829,0.111102,-0.600898,0.85474,0.19625
5520,0.76,1.5,0.1,-0.559131,0.999718,0.111343,-0.523039,0.838707,0.187976
5530,0.765,1.5,0.1,-0.555386,0.999609,0.111368,-0.476852,0.847134,0.179903
5540,0.77,1.5,0.1,-0.551575,0.999441,0.111384,-0.462987,0.823597,0.170447
5550,0.775,1.5,0.1,-0.54776,0.999486,0.111171,-0.479152,0.748587,0.198417
5560,0.78,1.5,0.1,-0.544051,0.999527,0.111454,-0.412346,0.865687,0.201301
5570,0.785,1.5,0.1,-0.540426,0.999204,0.111633,-0.54378,0.857205,0.177433
5580,0.79,1.5,0.1,-0.536605,0.999189,0.111302,-0.362329,0.828784,0.185586
5590,0.795,1.5,0.1,-0.533048,0.999282,0.111496,-0.384225,0.895727,0.181415
5600,0.8,1.5,0.1,-0.529139,0.999382,0.111764,-0.429964,0.890164,0.266163
5610,0.805,1.5,0.1,-0.525528,0.999383,0.111909,-0.391037,0.920868,0.185177
5620,0.81,1.5,0.1,-0.521848,0.999234,0.111803,-0.286548,0.89799,0.134073
5630,0.815,1.5,0.1,-0.517851,0.999372,0.112194,-0.394925,0.825801,0.183194
5640,0.82,1.5,0.1,-0.513806,0.999129,0.112581,-0.466284,0.931996,0.240453
5650,0.825,1.5,0.1,-0.510339,0.999346,0.112531,-0.498322,0.866869,0.164657
5660,0.83,1.5,0.1,-0.506332,0.999369,0.112778,-0.461201,0.898551,0.217371
5670,0.835,1.5,0.1,-0.502651,0.999165,0.113045,-0.391218,0.909459,0.235153
5680,0.84,1.5,0.1,-0.498528,0.999187,0.112964,-0.293738,0.904106,0.237909
5690,0.845,1.5,0.1,-0.494912,0.999261,0.113379,-0.371479,1.01666,0.187022
5700,0.85,1.5,0.1,-0.491028,0.999322,0.1135,-0.329872,1.07202,0.166349
5710,0.855,1.5,0.1,-0.487055,0.999507,0.113975,-0.38499,1.10736,0.219033
5720,0.86,1.5,0.1,-0.482961,0.999254,0.113942,-0.258146,1.05861,0.155906
5730,0.865,1.5,0.1,-0.479067,0.999167,0.114163,-0.227391,1.20456,0.124265
5740,0.87,1.5,0.1,-0.474936,0.999195,0.114251,-0.242833,1.0982,0.0828584
5750,0.875,1.5,0.1,-0.471353,0.998992,0.114764,-0.389482,1.26045,0.153377
5760,0.88,1.5,0.1,-0.467167,0.999233,0.114075,-0.342681,1.02558,0.158405
5770,0.885,1.5,0.1,-0.463182,0.999132,0.114644,-0.513862,1.07995,0.155439
5780,0.89,1.5,0.1,-0.459082,0.999344,0.11408,-0.330931,0.956203,0.147915
5790,0.895,1.5,0.1,-0.455045,0.999607,0.114525,-0.384113,0.955899,0.155465
5800,0.9,1.5,0.1,-0.451043,0.999704,0.114497,-0.406989,0.886875,0.111891
5810,0.905,1.5,0.1,-0.446702,0.999828,0.1145,-0.452637,0.744925,0.115797
5820,0.91,1.5,0.1,-0.442616,0.999835,0.114276,-0.395069,0.69341,0.161577
5830,0.915,1.5,0.1,-0.438413,0.999845,0.114821,-0.694221,0.713877,0.223725
5840,0.92,1.5,0.1,-0.434619,1.00006,0.114111,-0.485548,0.668263,0.135386
5850,0.925,1.5,0.1,-0.430482,1.00017,0.113877,-0.47979,0.5637,0.100253
5860,0.93,1.5,0.1,-0.426421,1.00041,0.113709,-0.479543,0.589696,0.156291
5870,0.935,1.5,0.1,-0.422225,1.00058,0.113466,-0.434384,0.47958,0.111454
5880,0.94,1.5,0.1,-0.418092,1.00081,0.11324,-0.474433,0.493008,0.10806
5890,0.945,1.5,0.1,-0.41382,1.00076,0.112829,-0.384282,0.421086,0.105976
5900,0.95,1.5,0.1,-0.409793,1.00107,0.112665,-0.487053,0.328251,0.0495321
5910,0.955,1.5,0.1,-0.405762,1.00129,0.112487,-0.584506,0.515136,0.101155
5920,0.96,1.5,0.1,-0.401846,1.00148,0.112461,-0.587913,0.562853,0.0721543
5930,0.965,1.5,0.1,-0.397594,1.0015,0.112277,-0.742742,0.588336,0.0991239
5940,0.97,1.5,0.1,-0.393335,1.00183,0.11181,-0.632436,0.476645,0.097686
5950,0.975,1.5,0.1,-0.389253,1.00196,0.11154,-0.59125,0.429344,0.165753
5960,0.98,1.5,0.1,-0.384883,1.00237,0.111659,-0.588008,0.398509,0.146908
5970,0.985,1.5,0.1,-0.381058,1.0023,0.111355,-0.621679,0.30268,0.114607
5980,0.99,1.5,0.1,-0.376697,1.00222,0.111537,-0.69536,0.28996,0.134769
5990,0.995,1.5,0.1,-0.372566,1.00252,0.111145,-0.604715,0.201588,0.134171
6000,1,1.5,0.1,-0.364175,1.00299,0.11104,-0.637106,0.260947,0.151289
6010,1.005,1.5,0.1,-0.360042,1.00306,0.110871,-0.724783,0.29307,0.148094
6020,1.01,1.5,0.1,-0.35583,1.0032,0.110798,-0.655609,0.29218,0.151495
6030,1.015,1.5,0.1,-0.351823,1.00351,0.110753,-0.65284,0.439193,0.184471
6040,1.02,1.5,0.1,-0.347508,1.00378,0.110476,-0.718089,0.434138,0.168588
6050,1.025,1.5,0.1,-0.343496,1.00364,0.110628,-0.88838,0.525076,0.171965
6060,1.03,1.5,0.1,-0.339123,1.00418,0.109984,-0.739128,0.481927,0.178428
6070,1.035,1.5,0.1,-0.335113,1.00412,0.109905,-0.855681,0.580227,0.15317
6080,1.04,1.5,0.1,-0.330797,1.00432,0.109767,-0.94923,0.541175,0.140482
6090,1.045,1.5,0.1,-0.32677,1.00441,0.109622,-0.902236,0.496303,0.181733
6100,1.05,1.5,0.1,-0.322448,1.00463,0.109342,-0.943064,0.456713,0.163246
6110,1.055,1.5,0.1,-0.318198,1.0049,0.109272,-0.966127,0.392037,0.12015
6120,1.06,1.5,0.1,-0.314199,1.00476,0.109345,-1.12884,0.33945,0.138976
6130,1.065,1.5,0.1,-0.309868,1.00513,0.108966,-0.96512,0.303375,0.138157
6140,1.07,1.5,0.1,-0.305565,1.00522,0.108784,-1.02005,0.22928,0.0717092
6150,1.075,1.5,0.1,-0.301313,1.0054,0.108612,-1.0654,0.230791,0.0955973
6160,1.08,1.5,0.1,-0.297234,1.0052,0.108218,-1.07776,0.259999,0.102087
6170,1.085,1.5,0.1,-0.293099,1.00545,0.108118,-1.10141,0.251789,0.0934943
6180,1.09,1.5,0.1,-0.288758,1.00566,0.108026,-1.142,0.220838,0.0912997
6190,1.095,1.5,0.1,-0.284686,1.00546,0.10831,-1.26197,0.274094,0.0841055
6200,1.1,1.5,0.1,-0.280388,1.00564,0.107684,-1.05374,0.216721,0.141277
6210,1.105,1.5,0.1,-0.276241,1.00596,0.107911,-1.23197,0.226234,0.134431
6220,1.11,1.5,0.1,-0.271968,1.0059,0.107812,-1.20368,0.232144,0.115987
6230,1.115,1.5,0.1,-0.267832,1.00591,0.107624,-1.15816,0.278971,0.134581
6240,1.12,1.5,0.1,-0.263353,1.00575,0.107852,-1.35108,0.216996,0.147905
6250,1.125,1.5,0.1,-0.259228,1.00587,0.107175,-1.08521,0.227492,0.170709
6260,1.13,1.5,0.1,-0.255152,1.00578,0.107789,-1.10251,0.294914,0.15156
6270,1.135,1.5,0.1,-0.250769,1.00583,0.107057,-0.931818,0.131214,0.188357
6280,1.14,1.5,0.1,-0.246471,1.00553,0.106509,-0.798326,-0.0133177,0.13326
6290,1.145,1.5,0.1,-0.242721,1.00587,0.107263,-0.768015,0.217142,0.165704
6300,1.15,1.5,0.1,-0.237801,1.00599,0.107244,-0.776765,-0.271392,0.0684768
6310,1.155,1.5,0.1,-0.234138,1.00552,0.106858,-0.862937,0.13363,0.118779
6320,1.16,1.5,0.1,-0.229904,1.00585,0.106586,-0.681452,0.0594442,0.0913515
6330,1.165,1.5,0.1,-0.225792,1.00595,0.106586,-0.647429,0.0412693,0.0740253
6340,1.17,1.5,0.1,-0.221583,1.00598,0.106775,-0.543329,0.0551825,0.132721
6350,1.175,1.5,0.1,-0.217121,1.00603,0.106278,-0.455473,-0.118232,0.0968854
6360,1.18,1.5,0.1,-0.213108,1.00626,0.106416,-0.59033,-0.00460408,0.140101
6370,1.185,1.5,0.1,-0.208789,1.00662,0.106288,-0.546622,-0.100719,0.189611
6380,1.19,1.5,0.1,-0.204682,1.00608,0.106336,-0.6291,0.0126926,0.11347
6390,1.195,1.5,0.1,-0.200428,1.00645,0.105962,-0.632521,0.0152784,0.108556
6400,1.2,1.5,0.1,-0.196445,1.00667,0.106018,-0.679123,0.124316,0.121004
6410,1.205,1.5,0.1,-0.191965,1.00729,0.105972,-0.750973,0.155258,0.223389
6420,1.21,1.5,0.1,-0.18825,1.00712,0.105971,-0.838652,0.32969,0.152624
6430,1.215,1.5,0.1,-0.183898,1.00682,0.105763,-0.947766,0.422035,0.126725
6440,1.22,1.5,0.1,-0.179717,1.00695,0.10503,-0.863555,0.399008,0.125056
6450,1.225,1.5,0.1,-0.175583,1.00731,0.105052,-0.967296,0.562034,0.125233
6460,1.23,1.5,0.1,-0.171272,1.00711,0.104571,-0.936783,0.526702,0.144182
6470,1.235,1.5,0.1,-0.166997,1.00723,0.104343,-0.922524,0.556375,0.157027
6480,1.24,1.5,0.1,-0.162704,1.00764,0.104128,-0.954956,0.589247,0.159119
6490,1.245,1.5,0.1,-0.158563,1.00757,0.104187,-0.990612,0.64929,0.115946
6500,1.25,1.5,0.1,-0.154124,1.00736,0.103682,-0.90107,0.590373,0.0999752
6510,1.255,1.5,0.1,-0.149841,1.00723,0.103227,-0.84428,0.617946,0.132313
6520,1.26,1.5,0.1,-0.145478,1.00754,0.103424,-0.993892,0.610528,0.149549
6530,1.265,1.5,0.1,-0.141132,1.00716,0.102943,-0.778031,0.601442,0.189702
6540,1.27,1.5,0.1,-0.136739,1.00737,0.102836,-0.750174,0.643686,0.172746
6550,1.275,1.5,0.1,-0.132599,1.00741,0.102983,-0.789929,0.679514,0.153817
6560,1.28,1.5,0.1,-0.127499,1.00769,0.103164,-0.855375,0.182628,0.112629
6570,1.285,1.5,0.1,-0.123691,1.00746,0.102859,-0.797574,0.643753,0.182658
6580,1.29,1.5,0.1,-0.119292,1.00746,0.102755,-0.895902,0.54905,0.197931
6590,1.295,1.5,0.1,-0.114923,1.00751,0.102905,-0.950255,0.560275,0.166844
6600,1.3,1.5,0.1,-0.110412,1.00745,0.102867,-0.835051,0.460159,0.187572
6610,1.305,1.5,0.1,-0.105947,1.00735,0.102893,-0.839175,0.408349,0.191364
6620,1.31,1.5,0.1,-0.101781,1.0074,0.103036,-0.835581,0.390754,0.105214
6630,1.315,1.5,0.1,-0.0972298,1.00733,0.103056,-0.765062,0.2282,0.0944592
6640,1.32,1.5,0.1,-0.0925346,1.00747,0.103348,-0.742243,0.148221,0.130583
6650,1.325,1.5,0.1,-0.0883379,1.00737,0.103287,-0.620705,0.105075,0.0910372
6660,1.33,1.5,0.1,-0.0836581,1.00725,0.103134,-0.618234,-0.046253,0.189301
6670,1.335,1.5,0.1,-0.0792008,1.00713,0.103116,-0.601828,-0.0705205,0.172128
6680,1.34,1.5,0.1,-0.0739142,1.00759,0.103282,-0.561999,-0.558643,0.208971
6690,1.345,1.5,0.1,-0.0704753,1.00736,0.103585,-0.674465,-0.0194983,0.168123
6700,1.35,1.5,0.1,-0.0660834,1.00734,0.103751,-0.637908,-0.00237965,0.145067
6710,1.355,1.5,0.1,-0.0616568,1.00755,0.10408,-0.695493,0.0170211,0.190591
6720,1.36,1.5,0.1,-0.0573082,1.00754,0.104356,-0.740718,0.0379734,0.168989
6730,1.365,1.5,0.1,-0.0527482,1.00768,0.104453,-0.718567,-0.0287168,0.182933
6740,1.37,1.5,0.1,-0.0483777,1.00753,0.104797,-0.94569,-0.0517817,0.166686
6750,1.375,1.5,0.1,-0.0437864,1.00747,0.104809,-0.911737,-0.153497,0.172633
6760,1.38,1.5,0.1,-0.0393405,1.00755,0.105067,-0.993124,-0.144529,0.132746
6770,1.385,1.5,0.1,-0.034933,1.0074,0.105515,-0.884313,-0.156982,0.154066
6780,1.39,1.5,0.1,-0.0303457,1.00763,0.105546,-0.809899,-0.171044,0.177249
6790,1.395,1.5,0.1,-0.0260052,1.00718,0.106399,-0.893763,-0.125915,0.173247
6800,1.4,1.5,0.1,-0.0216128,1.00723,0.106207,-0.633462,-0.123354,0.194501
6810,1.405,1.5,0.1,-0.0172223,1.00717,0.106318,-0.508537,-0.105273,0.174312
6820,1.41,1.5,0.1,-0.0125304,1.00711,0.106236,-0.452194,-0.158554,0.222718
6830,1.415,1.5,0.1,-0.00811514,1.00696,0.106287,-0.334292,-0.0801778,0.177379
6840,1.42,1.5,0.1,-0.00379739,1.00694,0.106523,-0.386374,-0.0758494,0.114077
6850,1.425,1.5,0.1,0.000836227,1.00695,0.106746,-0.424795,-0.018314,0.172687
6860,1.43,1.5,0.1,0.0052591,1.00684,0.106485,-0.257987,-0.0546334,0.118679
6870,1.435,1.5,0.1,0.00966326,1.00685,0.106441,-0.252243,0.04665,0.155855
6880,1.44,1.5,0.1,0.0185081,1.00679,0.106064,-0.238999,0.075363,0.110165
6890,1.445,1.5,0.1,0.0231769,1.00675,0.105966,-0.232236,0.160204,0.141577
6900,1.45,1.5,0.1,0.0276382,1.00685,0.105879,-0.282564,0.132612,0.115831
6910,1.455,1.5,0.1,0.0318776,1.00712,0.106025,-0.344999,0.150821,0.157427
6920,1.46,1.5,0.1,0.036563,1.00696,0.105721,-0.203885,0.137875,0.121827
6930,1.465,1.5,0.1,0.0408825,1.00706,0.105262,-0.143254,0.163116,0.125968
6940,1.47,1.5,0.1,0.0452736,1.00706,0.104902,-0.193374,0.156997,0.0905614
6950,1.475,1.5,0.1,0.0500313,1.00705,0.104593,-0.0916588,0.111248,0.132739
6960,1.48,1.5,0.1,0.0587511,1.00731,0.104083,-0.137191,0.290985,0.0891458
6970,1.485,1.5,0.1,0.0634135,1.00746,0.104033,-0.129162,0.321324,0.132179
6980,1.49,1.5,0.1,0.0675612,1.00765,0.103589,-0.142996,0.437564,0.114469
6990,1.495,1.5,0.1,0.0721338,1.00785,0.103259,-0.252225,0.381415,0.126203
7000,1.5,1.5,0.1,0.0769627,1.00798,0.102878,-0.257912,0.312774,0.138059
7010,1.505,1.5,0.1,0.0812447,1.00822,0.102467,-0.294917,0.30348,0.152558
7020,1.51,1.5,0.1,0.0859883,1.00847,0.102545,-0.440761,0.382729,0.110942
7030,1.515,1.5,0.1,0.0905259,1.00832,0.102394,-0.545643,0.281972,0.0807496
7040,1.52,1.5,0.1,0.0996304,1.00903,0.102106,-0.650476,0.270439,0.0688665
7050,1.525,1.5,0.1,0.10428,1.00922,0.101788,-0.651144,0.182444,0.0312371
7060,1.53,1.5,0.1,0.108814,1.00933,0.101677,-0.657568,0.133741,0.0626494
7070,1.535,1.5,0.1,0.113675,1.00944,0.101264,-0.656235,0.0453418,0.0899285
7080,1.54,1.5,0.1,0.11815,1.00954,0.101311,-0.724306,0.00691335,0.0313142
7090,1.545,1.5,0.1,0.122871,1.0098,0.101316,-0.893494,-0.0735886,0.045905
7100,1.55,1.5,0.1,0.127506,1.00996,0.101494,-0.955721,-0.019783,0.0113514
7110,1.555,1.5,0.1,0.131945,1.01021,0.101659,-1.12444,0.0554695,0.0289304
7120,1.56,1.5,0.1,0.141145,1.01068,0.101937,-1.30696,0.0451452,0.0305299
7130,1.565,1.5,0.1,0.145782,1.01072,0.101727,-1.37784,-0.0625975,0.00324734
7140,1.57,1.5,0.1,0.150677,1.01078,0.101622,-1.41303,-0.1461,0.026177
7150,1.575,1.5,0.1,0.155067,1.01065,0.101538,-1.40387,-0.182465,0.0147751
7160,1.58,1.5,0.1,0.159613,1.01049,0.101981,-1.61636,-0.0761663,-0.025982
7170,1.585,1.5,0.1,0.163958,1.01078,0.101722,-1.47579,-0.0762529,-0.0075539
7180,1.59,1.5,0.1,0.168401,1.01076,0.101667,-1.40499,0.00255458,-0.0338209
7190,1.595,1.5,0.1,0.173546,1.01081,0.101823,-1.42387,-0.20709,0.0467293
7200,1.6,1.5,0.1,0.182764,1.01074,0.1015,-1.37479,-0.352425,0.0570139
7210,1.605,1.5,0.1,0.187464,1.01063,0.101387,-1.42794,-0.456375,0.0203829
7220,1.61,1.5,0.1,0.192266,1.01092,0.101441,-1.42047,-0.541741,0.0997358
7230,1.615,1.5,0.1,0.201328,1.01034,0.101341,-1.2548,-0.584482,-0.00987371
7240,1.62,1.5,0.1,0.205825,1.01046,0.101256,-1.1708,-0.535787,0.0657189
7250,1.625,1.5,0.1,0.210471,1.01019,0.100947,-0.942177,-0.605889,0.0570623
7260,1.63,1.5,0.1,0.215146,1.01007,0.100797,-0.931217,-0.621283,0.0767552
7270,1.635,1.5,0.1,0.219507,1.01003,0.100745,-0.952537,-0.566845,0.000117853
7280,1.64,1.5,0.1,0.223988,1.00985,0.10073,-0.90726,-0.53487,-0.0139763
7290,1.645,1.5,0.1,0.228598,1.00989,0.100553,-0.970113,-0.540166,0.0381435
7300,1.65,1.5,0.1,0.233091,1.00997,0.100431,-0.976878,-0.460252,0.0125702
7310,1.655,1.5,0.1,0.242457,1.01015,0.100417,-1.1459,-0.43931,0.131143
7320,1.66,1.5,0.1,0.247223,1.01023,0.100302,-1.12506,-0.399249,0.232014
7330,1.665,1.5,0.1,0.251008,1.00959,0.100206,-0.98156,-0.229952,-0.00249602
7340,1.67,1.5,0.1,0.255689,1.00919,0.100279,-0.665656,-0.110486,-0.0347081
7350,1.675,1.5,0.1,0.260009,1.00927,0.100017,-0.684003,-0.103353,-0.0474814
7360,1.68,1.5,0.1,0.264557,1.0094,0.0999879,-0.669253,-0.0132099,0.0545695
7370,1.685,1.5,0.1,0.269142,1.00932,0.0998208,-0.654545,0.0268661,0.0177227
7380,1.69,1.5,0.1,0.273541,1.00909,0.0998654,-0.598328,0.0835655,0.0103737
7390,1.695,1.5,0.1,0.282456,1.00916,0.0999035,-0.883695,0.12732,-0.0350517
7400,1.7,1.5,0.1,0.287056,1.00896,0.0998475,-0.860281,0.151984,-0.0495447
7410,1.705,1.5,0.1,0.291418,1.00904,0.100015,-0.906061,0.263341,0.0189688
7420,1.71,1.5,0.1,0.296075,1.00897,0.100085,-0.863082,0.213139,-0.023975
7430,1.715,1.5,0.1,0.300619,1.00872,0.0999491,-0.854578,0.176434,0.00438344
7440,1.72,1.5,0.1,0.305206,1.00849,0.0998596,-0.774274,0.19305,-0.0156614
7450,1.725,1.5,0.1,0.309608,1.0083,0.100101,-0.836345,0.226438,-0.0988456
7460,1.73,1.5,0.1,0.314118,1.00826,0.0999893,-0.839904,0.306106,-0.0230423
7470,1.735,1.5,0.1,0.323338,1.00822,0.0999379,-0.755317,0.299492,-0.0392871
7480,1.74,1.5,0.1,0.327804,1.00803,0.100192,-0.950545,0.353886,-0.0355317
7490,1.745,1.5,0.1,0.33228,1.00765,0.100013,-0.834412,0.267486,-0.104391
7500,1.75,1.5,0.1,0.336885,1.00744,0.0999876,-0.827237,0.289013,-0.137473
7510,1.755,1.5,0.1,0.34136,1.00726,0.100006,-0.793324,0.212918,-0.0956619
7520,1.76,1.5,0.1,0.346042,1.00725,0.100023,-0.725109,0.128757,-0.0695336
7530,1.765,1.5,0.1,0.350524,1.00705,0.100377,-0.889055,0.179453,-0.0583768
7540,1.77,1.5,0.1,0.355071,1.00676,0.100236,-0.812724,0.15341,-0.0926742
7550,1.775,1.5,0.1,0.364236,1.00633,0.100173,-0.818082,0.102307,-0.0872971
7560,1.78,1.5,0.1,0.368519,1.00622,0.100322,-0.817877,0.067909,-0.164855
7570,1.785,1.5,0.1,0.373344,1.00624,0.100362,-0.81049,0.0867722,-0.0505704
7580,1.79,1.5,0.1,0.377721,1.00594,0.100617,-0.856593,0.0891086,-0.0657149
7590,1.795,1.5,0.1,0.382232,1.00573,0.100547,-0.730527,0.0932782,-0.148519
7600,1.8,1.5,0.1,0.38663,1.00563,0.100725,-0.812249,0.0904063,-0.117972
7610,1.805,1.5,0.1,0.391073,1.00533,0.10067,-0.725237,0.147914,-0.117957
7620,1.81,1.5,0.1,0.39567,1.00512,0.100841,-0.73317,0.125221,-0.191366
7630,1.815,1.5,0.1,0.400134,1.00507,0.101003,-0.81086,0.250889,-0.133873
7640,1.82,1.5,0.1,0.404606,1.00479,0.101129,-0.708765,0.191744,-0.23261
7650,1.825,1.5,0.1,0.409188,1.00489,0.101436,-0.790434,0.272568,-0.140208
7660,1.83,1.5,0.1,0.41393,1.00505,0.101838,-0.947357,0.209291,-0.02613
7670,1.835,1.5,0.1,0.422923,1.00443,0.101808,-0.75687,0.142628,-0.176545
7680,1.84,1.5,0.1,0.427658,1.00439,0.101982,-0.838472,0.0736528,-0.0915919
7690,1.845,1.5,0.1,0.432067,1.00415,0.10217,-0.773121,0.126979,-0.168021
7700,1.85,1.5,0.1,0.436644,1.00425,0.102595,-0.987377,0.151906,-0.0549236
7710,1.855,1.5,0.1,0.441052,1.0044,0.10226,-0.860243,0.433366,-0.290143
7720,1.86,1.5,0.1,0.445523,1.00417,0.10255,-1.04739,0.469505,-0.278761
7730,1.865,1.5,0.1,0.450179,1.00417,0.102819,-1.20943,0.440427,-0.227527
7740,1.87,1.5,0.1,0.454601,1.0038,0.102678,-1.0783,0.383821,